prompt,path,temp,kl
1,knowledge/01.txt,0.3100,0.221014
1,knowledge/01.txt,0.3200,0.208442
1,knowledge/01.txt,0.3300,0.196838
1,knowledge/01.txt,0.3400,0.186117
1,knowledge/01.txt,0.3500,0.176201
1,knowledge/01.txt,0.3600,0.167022
1,knowledge/01.txt,0.3700,0.158518
1,knowledge/01.txt,0.3800,0.150636
1,knowledge/01.txt,0.3900,0.143325
1,knowledge/01.txt,0.4000,0.136541
1,knowledge/01.txt,0.4100,0.130244
1,knowledge/01.txt,0.4200,0.124397
1,knowledge/01.txt,0.4300,0.118968
1,knowledge/01.txt,0.4400,0.113925
1,knowledge/01.txt,0.4500,0.109242
1,knowledge/01.txt,0.4600,0.104892
1,knowledge/01.txt,0.4700,0.100853
1,knowledge/01.txt,0.4800,0.097104
1,knowledge/01.txt,0.4900,0.093624
1,knowledge/01.txt,0.5000,0.090396
1,knowledge/01.txt,0.5100,0.087402
1,knowledge/01.txt,0.5200,0.084629
1,knowledge/01.txt,0.5300,0.082061
1,knowledge/01.txt,0.5400,0.079684
1,knowledge/01.txt,0.5500,0.077488
1,knowledge/01.txt,0.5600,0.075460
1,knowledge/01.txt,0.5700,0.073589
1,knowledge/01.txt,0.5800,0.071867
1,knowledge/01.txt,0.5900,0.070283
1,knowledge/01.txt,0.6000,0.068830
1,knowledge/01.txt,0.6100,0.067499
1,knowledge/01.txt,0.6200,0.066282
1,knowledge/01.txt,0.6300,0.065174
1,knowledge/01.txt,0.6400,0.064166
1,knowledge/01.txt,0.6500,0.063254
1,knowledge/01.txt,0.6600,0.062431
1,knowledge/01.txt,0.6700,0.061692
1,knowledge/01.txt,0.6800,0.061032
1,knowledge/01.txt,0.6900,0.060447
1,knowledge/01.txt,0.7000,0.059932
1,knowledge/01.txt,0.7100,0.059482
1,knowledge/01.txt,0.7200,0.059094
1,knowledge/01.txt,0.7300,0.058765
1,knowledge/01.txt,0.7400,0.058491
1,knowledge/01.txt,0.7500,0.058268
1,knowledge/01.txt,0.7600,0.058093
1,knowledge/01.txt,0.7700,0.057965
1,knowledge/01.txt,0.7800,0.057879
1,knowledge/01.txt,0.7900,0.057834
1,knowledge/01.txt,0.8000,0.057828
1,knowledge/01.txt,0.8100,0.057857
1,knowledge/01.txt,0.8200,0.057919
1,knowledge/01.txt,0.8300,0.058014
1,knowledge/01.txt,0.8400,0.058138
1,knowledge/01.txt,0.8500,0.058291
1,knowledge/01.txt,0.8600,0.058470
1,knowledge/01.txt,0.8700,0.058673
1,knowledge/01.txt,0.8800,0.058900
1,knowledge/01.txt,0.8900,0.059149
1,knowledge/01.txt,0.9000,0.059419
2,knowledge/02.txt,0.3100,0.273368
2,knowledge/02.txt,0.3200,0.257332
2,knowledge/02.txt,0.3300,0.242538
2,knowledge/02.txt,0.3400,0.228874
2,knowledge/02.txt,0.3500,0.216242
2,knowledge/02.txt,0.3600,0.204553
2,knowledge/02.txt,0.3700,0.193728
2,knowledge/02.txt,0.3800,0.183698
2,knowledge/02.txt,0.3900,0.174398
2,knowledge/02.txt,0.4000,0.165772
2,knowledge/02.txt,0.4100,0.157768
2,knowledge/02.txt,0.4200,0.150339
2,knowledge/02.txt,0.4300,0.143442
2,knowledge/02.txt,0.4400,0.137039
2,knowledge/02.txt,0.4500,0.131094
2,knowledge/02.txt,0.4600,0.125575
2,knowledge/02.txt,0.4700,0.120452
2,knowledge/02.txt,0.4800,0.115698
2,knowledge/02.txt,0.4900,0.111287
2,knowledge/02.txt,0.5000,0.107198
2,knowledge/02.txt,0.5100,0.103408
2,knowledge/02.txt,0.5200,0.099898
2,knowledge/02.txt,0.5300,0.096650
2,knowledge/02.txt,0.5400,0.093647
2,knowledge/02.txt,0.5500,0.090874
2,knowledge/02.txt,0.5600,0.088315
2,knowledge/02.txt,0.5700,0.085958
2,knowledge/02.txt,0.5800,0.083790
2,knowledge/02.txt,0.5900,0.081799
2,knowledge/02.txt,0.6000,0.079974
2,knowledge/02.txt,0.6100,0.078306
2,knowledge/02.txt,0.6200,0.076785
2,knowledge/02.txt,0.6300,0.075402
2,knowledge/02.txt,0.6400,0.074148
2,knowledge/02.txt,0.6500,0.073017
2,knowledge/02.txt,0.6600,0.072000
2,knowledge/02.txt,0.6700,0.071092
2,knowledge/02.txt,0.6800,0.070285
2,knowledge/02.txt,0.6900,0.069574
2,knowledge/02.txt,0.7000,0.068952
2,knowledge/02.txt,0.7100,0.068416
2,knowledge/02.txt,0.7200,0.067959
2,knowledge/02.txt,0.7300,0.067578
2,knowledge/02.txt,0.7400,0.067267
2,knowledge/02.txt,0.7500,0.067024
2,knowledge/02.txt,0.7600,0.066842
2,knowledge/02.txt,0.7700,0.066721
2,knowledge/02.txt,0.7800,0.066654
2,knowledge/02.txt,0.7900,0.066641
2,knowledge/02.txt,0.8000,0.066676
2,knowledge/02.txt,0.8100,0.066759
2,knowledge/02.txt,0.8200,0.066885
2,knowledge/02.txt,0.8300,0.067052
2,knowledge/02.txt,0.8400,0.067258
2,knowledge/02.txt,0.8500,0.067501
2,knowledge/02.txt,0.8600,0.067778
2,knowledge/02.txt,0.8700,0.068087
2,knowledge/02.txt,0.8800,0.068427
2,knowledge/02.txt,0.8900,0.068795
2,knowledge/02.txt,0.9000,0.069190
3,knowledge/03.txt,0.3100,0.320869
3,knowledge/03.txt,0.3200,0.303858
3,knowledge/03.txt,0.3300,0.288120
3,knowledge/03.txt,0.3400,0.273541
3,knowledge/03.txt,0.3500,0.260018
3,knowledge/03.txt,0.3600,0.247462
3,knowledge/03.txt,0.3700,0.235792
3,knowledge/03.txt,0.3800,0.224936
3,knowledge/03.txt,0.3900,0.214830
3,knowledge/03.txt,0.4000,0.205414
3,knowledge/03.txt,0.4100,0.196636
3,knowledge/03.txt,0.4200,0.188448
3,knowledge/03.txt,0.4300,0.180807
3,knowledge/03.txt,0.4400,0.173673
3,knowledge/03.txt,0.4500,0.167011
3,knowledge/03.txt,0.4600,0.160786
3,knowledge/03.txt,0.4700,0.154970
3,knowledge/03.txt,0.4800,0.149534
3,knowledge/03.txt,0.4900,0.144454
3,knowledge/03.txt,0.5000,0.139705
3,knowledge/03.txt,0.5100,0.135266
3,knowledge/03.txt,0.5200,0.131117
3,knowledge/03.txt,0.5300,0.127240
3,knowledge/03.txt,0.5400,0.123618
3,knowledge/03.txt,0.5500,0.120234
3,knowledge/03.txt,0.5600,0.117075
3,knowledge/03.txt,0.5700,0.114126
3,knowledge/03.txt,0.5800,0.111375
3,knowledge/03.txt,0.5900,0.108811
3,knowledge/03.txt,0.6000,0.106421
3,knowledge/03.txt,0.6100,0.104196
3,knowledge/03.txt,0.6200,0.102126
3,knowledge/03.txt,0.6300,0.100202
3,knowledge/03.txt,0.6400,0.098417
3,knowledge/03.txt,0.6500,0.096761
3,knowledge/03.txt,0.6600,0.095227
3,knowledge/03.txt,0.6700,0.093810
3,knowledge/03.txt,0.6800,0.092501
3,knowledge/03.txt,0.6900,0.091296
3,knowledge/03.txt,0.7000,0.090188
3,knowledge/03.txt,0.7100,0.089172
3,knowledge/03.txt,0.7200,0.088243
3,knowledge/03.txt,0.7300,0.087396
3,knowledge/03.txt,0.7400,0.086626
3,knowledge/03.txt,0.7500,0.085931
3,knowledge/03.txt,0.7600,0.085305
3,knowledge/03.txt,0.7700,0.084744
3,knowledge/03.txt,0.7800,0.084246
3,knowledge/03.txt,0.7900,0.083807
3,knowledge/03.txt,0.8000,0.083423
3,knowledge/03.txt,0.8100,0.083092
3,knowledge/03.txt,0.8200,0.082811
3,knowledge/03.txt,0.8300,0.082578
3,knowledge/03.txt,0.8400,0.082389
3,knowledge/03.txt,0.8500,0.082242
3,knowledge/03.txt,0.8600,0.082136
3,knowledge/03.txt,0.8700,0.082067
3,knowledge/03.txt,0.8800,0.082035
3,knowledge/03.txt,0.8900,0.082037
3,knowledge/03.txt,0.9000,0.082070
4,knowledge/04.txt,0.3100,0.266403
4,knowledge/04.txt,0.3200,0.252767
4,knowledge/04.txt,0.3300,0.240151
4,knowledge/04.txt,0.3400,0.228462
4,knowledge/04.txt,0.3500,0.217620
4,knowledge/04.txt,0.3600,0.207552
4,knowledge/04.txt,0.3700,0.198193
4,knowledge/04.txt,0.3800,0.189484
4,knowledge/04.txt,0.3900,0.181375
4,knowledge/04.txt,0.4000,0.173817
4,knowledge/04.txt,0.4100,0.166769
4,knowledge/04.txt,0.4200,0.160192
4,knowledge/04.txt,0.4300,0.154052
4,knowledge/04.txt,0.4400,0.148317
4,knowledge/04.txt,0.4500,0.142958
4,knowledge/04.txt,0.4600,0.137949
4,knowledge/04.txt,0.4700,0.133266
4,knowledge/04.txt,0.4800,0.128887
4,knowledge/04.txt,0.4900,0.124791
4,knowledge/04.txt,0.5000,0.120961
4,knowledge/04.txt,0.5100,0.117377
4,knowledge/04.txt,0.5200,0.114026
4,knowledge/04.txt,0.5300,0.110892
4,knowledge/04.txt,0.5400,0.107962
4,knowledge/04.txt,0.5500,0.105222
4,knowledge/04.txt,0.5600,0.102662
4,knowledge/04.txt,0.5700,0.100271
4,knowledge/04.txt,0.5800,0.098038
4,knowledge/04.txt,0.5900,0.095954
4,knowledge/04.txt,0.6000,0.094011
4,knowledge/04.txt,0.6100,0.092200
4,knowledge/04.txt,0.6200,0.090513
4,knowledge/04.txt,0.6300,0.088944
4,knowledge/04.txt,0.6400,0.087486
4,knowledge/04.txt,0.6500,0.086132
4,knowledge/04.txt,0.6600,0.084877
4,knowledge/04.txt,0.6700,0.083715
4,knowledge/04.txt,0.6800,0.082641
4,knowledge/04.txt,0.6900,0.081650
4,knowledge/04.txt,0.7000,0.080738
4,knowledge/04.txt,0.7100,0.079900
4,knowledge/04.txt,0.7200,0.079132
4,knowledge/04.txt,0.7300,0.078432
4,knowledge/04.txt,0.7400,0.077794
4,knowledge/04.txt,0.7500,0.077215
4,knowledge/04.txt,0.7600,0.076693
4,knowledge/04.txt,0.7700,0.076225
4,knowledge/04.txt,0.7800,0.075807
4,knowledge/04.txt,0.7900,0.075437
4,knowledge/04.txt,0.8000,0.075113
4,knowledge/04.txt,0.8100,0.074832
4,knowledge/04.txt,0.8200,0.074591
4,knowledge/04.txt,0.8300,0.074389
4,knowledge/04.txt,0.8400,0.074224
4,knowledge/04.txt,0.8500,0.074093
4,knowledge/04.txt,0.8600,0.073996
4,knowledge/04.txt,0.8700,0.073929
4,knowledge/04.txt,0.8800,0.073892
4,knowledge/04.txt,0.8900,0.073884
4,knowledge/04.txt,0.9000,0.073901
5,knowledge/05.txt,0.3100,0.258117
5,knowledge/05.txt,0.3200,0.243740
5,knowledge/05.txt,0.3300,0.230446
5,knowledge/05.txt,0.3400,0.218137
5,knowledge/05.txt,0.3500,0.206728
5,knowledge/05.txt,0.3600,0.196143
5,knowledge/05.txt,0.3700,0.186314
5,knowledge/05.txt,0.3800,0.177180
5,knowledge/05.txt,0.3900,0.168686
5,knowledge/05.txt,0.4000,0.160782
5,knowledge/05.txt,0.4100,0.153423
5,knowledge/05.txt,0.4200,0.146570
5,knowledge/05.txt,0.4300,0.140184
5,knowledge/05.txt,0.4400,0.134232
5,knowledge/05.txt,0.4500,0.128685
5,knowledge/05.txt,0.4600,0.123513
5,knowledge/05.txt,0.4700,0.118690
5,knowledge/05.txt,0.4800,0.114194
5,knowledge/05.txt,0.4900,0.110002
5,knowledge/05.txt,0.5000,0.106095
5,knowledge/05.txt,0.5100,0.102453
5,knowledge/05.txt,0.5200,0.099060
5,knowledge/05.txt,0.5300,0.095900
5,knowledge/05.txt,0.5400,0.092959
5,knowledge/05.txt,0.5500,0.090222
5,knowledge/05.txt,0.5600,0.087678
5,knowledge/05.txt,0.5700,0.085313
5,knowledge/05.txt,0.5800,0.083119
5,knowledge/05.txt,0.5900,0.081083
5,knowledge/05.txt,0.6000,0.079197
5,knowledge/05.txt,0.6100,0.077452
5,knowledge/05.txt,0.6200,0.075840
5,knowledge/05.txt,0.6300,0.074352
5,knowledge/05.txt,0.6400,0.072982
5,knowledge/05.txt,0.6500,0.071722
5,knowledge/05.txt,0.6600,0.070567
5,knowledge/05.txt,0.6700,0.069511
5,knowledge/05.txt,0.6800,0.068547
5,knowledge/05.txt,0.6900,0.067671
5,knowledge/05.txt,0.7000,0.066877
5,knowledge/05.txt,0.7100,0.066161
5,knowledge/05.txt,0.7200,0.065519
5,knowledge/05.txt,0.7300,0.064946
5,knowledge/05.txt,0.7400,0.064439
5,knowledge/05.txt,0.7500,0.063993
5,knowledge/05.txt,0.7600,0.063607
5,knowledge/05.txt,0.7700,0.063275
5,knowledge/05.txt,0.7800,0.062995
5,knowledge/05.txt,0.7900,0.062765
5,knowledge/05.txt,0.8000,0.062581
5,knowledge/05.txt,0.8100,0.062441
5,knowledge/05.txt,0.8200,0.062343
5,knowledge/05.txt,0.8300,0.062284
5,knowledge/05.txt,0.8400,0.062261
5,knowledge/05.txt,0.8500,0.062274
5,knowledge/05.txt,0.8600,0.062320
5,knowledge/05.txt,0.8700,0.062397
5,knowledge/05.txt,0.8800,0.062504
5,knowledge/05.txt,0.8900,0.062638
5,knowledge/05.txt,0.9000,0.062799
6,knowledge/06.txt,0.3100,0.259586
6,knowledge/06.txt,0.3200,0.246490
6,knowledge/06.txt,0.3300,0.234351
6,knowledge/06.txt,0.3400,0.223083
6,knowledge/06.txt,0.3500,0.212611
6,knowledge/06.txt,0.3600,0.202867
6,knowledge/06.txt,0.3700,0.193789
6,knowledge/06.txt,0.3800,0.185326
6,knowledge/06.txt,0.3900,0.177426
6,knowledge/06.txt,0.4000,0.170048
6,knowledge/06.txt,0.4100,0.163151
6,knowledge/06.txt,0.4200,0.156700
6,knowledge/06.txt,0.4300,0.150661
6,knowledge/06.txt,0.4400,0.145006
6,knowledge/06.txt,0.4500,0.139707
6,knowledge/06.txt,0.4600,0.134740
6,knowledge/06.txt,0.4700,0.130082
6,knowledge/06.txt,0.4800,0.125712
6,knowledge/06.txt,0.4900,0.121611
6,knowledge/06.txt,0.5000,0.117762
6,knowledge/06.txt,0.5100,0.114148
6,knowledge/06.txt,0.5200,0.110755
6,knowledge/06.txt,0.5300,0.107568
6,knowledge/06.txt,0.5400,0.104575
6,knowledge/06.txt,0.5500,0.101765
6,knowledge/06.txt,0.5600,0.099125
6,knowledge/06.txt,0.5700,0.096646
6,knowledge/06.txt,0.5800,0.094318
6,knowledge/06.txt,0.5900,0.092132
6,knowledge/06.txt,0.6000,0.090080
6,knowledge/06.txt,0.6100,0.088155
6,knowledge/06.txt,0.6200,0.086348
6,knowledge/06.txt,0.6300,0.084654
6,knowledge/06.txt,0.6400,0.083066
6,knowledge/06.txt,0.6500,0.081578
6,knowledge/06.txt,0.6600,0.080184
6,knowledge/06.txt,0.6700,0.078880
6,knowledge/06.txt,0.6800,0.077660
6,knowledge/06.txt,0.6900,0.076520
6,knowledge/06.txt,0.7000,0.075455
6,knowledge/06.txt,0.7100,0.074462
6,knowledge/06.txt,0.7200,0.073537
6,knowledge/06.txt,0.7300,0.072676
6,knowledge/06.txt,0.7400,0.071875
6,knowledge/06.txt,0.7500,0.071132
6,knowledge/06.txt,0.7600,0.070443
6,knowledge/06.txt,0.7700,0.069806
6,knowledge/06.txt,0.7800,0.069218
6,knowledge/06.txt,0.7900,0.068676
6,knowledge/06.txt,0.8000,0.068178
6,knowledge/06.txt,0.8100,0.067722
6,knowledge/06.txt,0.8200,0.067306
6,knowledge/06.txt,0.8300,0.066928
6,knowledge/06.txt,0.8400,0.066585
6,knowledge/06.txt,0.8500,0.066276
6,knowledge/06.txt,0.8600,0.065999
6,knowledge/06.txt,0.8700,0.065753
6,knowledge/06.txt,0.8800,0.065535
6,knowledge/06.txt,0.8900,0.065346
6,knowledge/06.txt,0.9000,0.065182
7,knowledge/07.txt,0.3100,0.266326
7,knowledge/07.txt,0.3200,0.251078
7,knowledge/07.txt,0.3300,0.237006
7,knowledge/07.txt,0.3400,0.224005
7,knowledge/07.txt,0.3500,0.211981
7,knowledge/07.txt,0.3600,0.200852
7,knowledge/07.txt,0.3700,0.190541
7,knowledge/07.txt,0.3800,0.180983
7,knowledge/07.txt,0.3900,0.172117
7,knowledge/07.txt,0.4000,0.163888
7,knowledge/07.txt,0.4100,0.156249
7,knowledge/07.txt,0.4200,0.149154
7,knowledge/07.txt,0.4300,0.142562
7,knowledge/07.txt,0.4400,0.136438
7,knowledge/07.txt,0.4500,0.130748
7,knowledge/07.txt,0.4600,0.125460
7,knowledge/07.txt,0.4700,0.120546
7,knowledge/07.txt,0.4800,0.115982
7,knowledge/07.txt,0.4900,0.111743
7,knowledge/07.txt,0.5000,0.107807
7,knowledge/07.txt,0.5100,0.104153
7,knowledge/07.txt,0.5200,0.100765
7,knowledge/07.txt,0.5300,0.097623
7,knowledge/07.txt,0.5400,0.094713
7,knowledge/07.txt,0.5500,0.092019
7,knowledge/07.txt,0.5600,0.089528
7,knowledge/07.txt,0.5700,0.087227
7,knowledge/07.txt,0.5800,0.085104
7,knowledge/07.txt,0.5900,0.083148
7,knowledge/07.txt,0.6000,0.081348
7,knowledge/07.txt,0.6100,0.079696
7,knowledge/07.txt,0.6200,0.078183
7,knowledge/07.txt,0.6300,0.076799
7,knowledge/07.txt,0.6400,0.075537
7,knowledge/07.txt,0.6500,0.074390
7,knowledge/07.txt,0.6600,0.073351
7,knowledge/07.txt,0.6700,0.072413
7,knowledge/07.txt,0.6800,0.071571
7,knowledge/07.txt,0.6900,0.070819
7,knowledge/07.txt,0.7000,0.070151
7,knowledge/07.txt,0.7100,0.069563
7,knowledge/07.txt,0.7200,0.069050
7,knowledge/07.txt,0.7300,0.068608
7,knowledge/07.txt,0.7400,0.068232
7,knowledge/07.txt,0.7500,0.067918
7,knowledge/07.txt,0.7600,0.067664
7,knowledge/07.txt,0.7700,0.067465
7,knowledge/07.txt,0.7800,0.067318
7,knowledge/07.txt,0.7900,0.067221
7,knowledge/07.txt,0.8000,0.067169
7,knowledge/07.txt,0.8100,0.067162
7,knowledge/07.txt,0.8200,0.067196
7,knowledge/07.txt,0.8300,0.067268
7,knowledge/07.txt,0.8400,0.067377
7,knowledge/07.txt,0.8500,0.067520
7,knowledge/07.txt,0.8600,0.067696
7,knowledge/07.txt,0.8700,0.067902
7,knowledge/07.txt,0.8800,0.068136
7,knowledge/07.txt,0.8900,0.068397
7,knowledge/07.txt,0.9000,0.068684
8,knowledge/08.txt,0.3100,0.359679
8,knowledge/08.txt,0.3200,0.342587
8,knowledge/08.txt,0.3300,0.326715
8,knowledge/08.txt,0.3400,0.311954
8,knowledge/08.txt,0.3500,0.298209
8,knowledge/08.txt,0.3600,0.285394
8,knowledge/08.txt,0.3700,0.273432
8,knowledge/08.txt,0.3800,0.262255
8,knowledge/08.txt,0.3900,0.251800
8,knowledge/08.txt,0.4000,0.242013
8,knowledge/08.txt,0.4100,0.232843
8,knowledge/08.txt,0.4200,0.224245
8,knowledge/08.txt,0.4300,0.216178
8,knowledge/08.txt,0.4400,0.208603
8,knowledge/08.txt,0.4500,0.201487
8,knowledge/08.txt,0.4600,0.194798
8,knowledge/08.txt,0.4700,0.188507
8,knowledge/08.txt,0.4800,0.182588
8,knowledge/08.txt,0.4900,0.177017
8,knowledge/08.txt,0.5000,0.171771
8,knowledge/08.txt,0.5100,0.166830
8,knowledge/08.txt,0.5200,0.162175
8,knowledge/08.txt,0.5300,0.157788
8,knowledge/08.txt,0.5400,0.153653
8,knowledge/08.txt,0.5500,0.149755
8,knowledge/08.txt,0.5600,0.146079
8,knowledge/08.txt,0.5700,0.142613
8,knowledge/08.txt,0.5800,0.139344
8,knowledge/08.txt,0.5900,0.136261
8,knowledge/08.txt,0.6000,0.133354
8,knowledge/08.txt,0.6100,0.130612
8,knowledge/08.txt,0.6200,0.128027
8,knowledge/08.txt,0.6300,0.125589
8,knowledge/08.txt,0.6400,0.123291
8,knowledge/08.txt,0.6500,0.121126
8,knowledge/08.txt,0.6600,0.119085
8,knowledge/08.txt,0.6700,0.117162
8,knowledge/08.txt,0.6800,0.115352
8,knowledge/08.txt,0.6900,0.113648
8,knowledge/08.txt,0.7000,0.112044
8,knowledge/08.txt,0.7100,0.110536
8,knowledge/08.txt,0.7200,0.109118
8,knowledge/08.txt,0.7300,0.107786
8,knowledge/08.txt,0.7400,0.106536
8,knowledge/08.txt,0.7500,0.105363
8,knowledge/08.txt,0.7600,0.104263
8,knowledge/08.txt,0.7700,0.103233
8,knowledge/08.txt,0.7800,0.102270
8,knowledge/08.txt,0.7900,0.101370
8,knowledge/08.txt,0.8000,0.100530
8,knowledge/08.txt,0.8100,0.099746
8,knowledge/08.txt,0.8200,0.099017
8,knowledge/08.txt,0.8300,0.098340
8,knowledge/08.txt,0.8400,0.097712
8,knowledge/08.txt,0.8500,0.097131
8,knowledge/08.txt,0.8600,0.096594
8,knowledge/08.txt,0.8700,0.096100
8,knowledge/08.txt,0.8800,0.095646
8,knowledge/08.txt,0.8900,0.095230
8,knowledge/08.txt,0.9000,0.094851
9,knowledge/09.txt,0.3100,0.173314
9,knowledge/09.txt,0.3200,0.163110
9,knowledge/09.txt,0.3300,0.153710
9,knowledge/09.txt,0.3400,0.145041
9,knowledge/09.txt,0.3500,0.137038
9,knowledge/09.txt,0.3600,0.129644
9,knowledge/09.txt,0.3700,0.122807
9,knowledge/09.txt,0.3800,0.116481
9,knowledge/09.txt,0.3900,0.110624
9,knowledge/09.txt,0.4000,0.105199
9,knowledge/09.txt,0.4100,0.100172
9,knowledge/09.txt,0.4200,0.095513
9,knowledge/09.txt,0.4300,0.091193
9,knowledge/09.txt,0.4400,0.087188
9,knowledge/09.txt,0.4500,0.083474
9,knowledge/09.txt,0.4600,0.080030
9,knowledge/09.txt,0.4700,0.076837
9,knowledge/09.txt,0.4800,0.073878
9,knowledge/09.txt,0.4900,0.071137
9,knowledge/09.txt,0.5000,0.068598
9,knowledge/09.txt,0.5100,0.066247
9,knowledge/09.txt,0.5200,0.064073
9,knowledge/09.txt,0.5300,0.062063
9,knowledge/09.txt,0.5400,0.060207
9,knowledge/09.txt,0.5500,0.058495
9,knowledge/09.txt,0.5600,0.056917
9,knowledge/09.txt,0.5700,0.055465
9,knowledge/09.txt,0.5800,0.054131
9,knowledge/09.txt,0.5900,0.052908
9,knowledge/09.txt,0.6000,0.051788
9,knowledge/09.txt,0.6100,0.050765
9,knowledge/09.txt,0.6200,0.049833
9,knowledge/09.txt,0.6300,0.048987
9,knowledge/09.txt,0.6400,0.048222
9,knowledge/09.txt,0.6500,0.047531
9,knowledge/09.txt,0.6600,0.046912
9,knowledge/09.txt,0.6700,0.046360
9,knowledge/09.txt,0.6800,0.045870
9,knowledge/09.txt,0.6900,0.045439
9,knowledge/09.txt,0.7000,0.045064
9,knowledge/09.txt,0.7100,0.044741
9,knowledge/09.txt,0.7200,0.044467
9,knowledge/09.txt,0.7300,0.044239
9,knowledge/09.txt,0.7400,0.044055
9,knowledge/09.txt,0.7500,0.043911
9,knowledge/09.txt,0.7600,0.043807
9,knowledge/09.txt,0.7700,0.043738
9,knowledge/09.txt,0.7800,0.043703
9,knowledge/09.txt,0.7900,0.043701
9,knowledge/09.txt,0.8000,0.043729
9,knowledge/09.txt,0.8100,0.043785
9,knowledge/09.txt,0.8200,0.043868
9,knowledge/09.txt,0.8300,0.043976
9,knowledge/09.txt,0.8400,0.044108
9,knowledge/09.txt,0.8500,0.044262
9,knowledge/09.txt,0.8600,0.044437
9,knowledge/09.txt,0.8700,0.044632
9,knowledge/09.txt,0.8800,0.044845
9,knowledge/09.txt,0.8900,0.045075
9,knowledge/09.txt,0.9000,0.045322
10,knowledge/10.txt,0.3100,0.233542
10,knowledge/10.txt,0.3200,0.220905
10,knowledge/10.txt,0.3300,0.209219
10,knowledge/10.txt,0.3400,0.198399
10,knowledge/10.txt,0.3500,0.188369
10,knowledge/10.txt,0.3600,0.179063
10,knowledge/10.txt,0.3700,0.170420
10,knowledge/10.txt,0.3800,0.162386
10,knowledge/10.txt,0.3900,0.154913
10,knowledge/10.txt,0.4000,0.147956
10,knowledge/10.txt,0.4100,0.141478
10,knowledge/10.txt,0.4200,0.135440
10,knowledge/10.txt,0.4300,0.129812
10,knowledge/10.txt,0.4400,0.124564
10,knowledge/10.txt,0.4500,0.119668
10,knowledge/10.txt,0.4600,0.115100
10,knowledge/10.txt,0.4700,0.110838
10,knowledge/10.txt,0.4800,0.106860
10,knowledge/10.txt,0.4900,0.103148
10,knowledge/10.txt,0.5000,0.099684
10,knowledge/10.txt,0.5100,0.096452
10,knowledge/10.txt,0.5200,0.093437
10,knowledge/10.txt,0.5300,0.090625
10,knowledge/10.txt,0.5400,0.088003
10,knowledge/10.txt,0.5500,0.085560
10,knowledge/10.txt,0.5600,0.083284
10,knowledge/10.txt,0.5700,0.081166
10,knowledge/10.txt,0.5800,0.079195
10,knowledge/10.txt,0.5900,0.077363
10,knowledge/10.txt,0.6000,0.075662
10,knowledge/10.txt,0.6100,0.074084
10,knowledge/10.txt,0.6200,0.072621
10,knowledge/10.txt,0.6300,0.071267
10,knowledge/10.txt,0.6400,0.070016
10,knowledge/10.txt,0.6500,0.068862
10,knowledge/10.txt,0.6600,0.067799
10,knowledge/10.txt,0.6700,0.066822
10,knowledge/10.txt,0.6800,0.065926
10,knowledge/10.txt,0.6900,0.065107
10,knowledge/10.txt,0.7000,0.064360
10,knowledge/10.txt,0.7100,0.063682
10,knowledge/10.txt,0.7200,0.063068
10,knowledge/10.txt,0.7300,0.062515
10,knowledge/10.txt,0.7400,0.062020
10,knowledge/10.txt,0.7500,0.061579
10,knowledge/10.txt,0.7600,0.061190
10,knowledge/10.txt,0.7700,0.060849
10,knowledge/10.txt,0.7800,0.060554
10,knowledge/10.txt,0.7900,0.060303
10,knowledge/10.txt,0.8000,0.060093
10,knowledge/10.txt,0.8100,0.059922
10,knowledge/10.txt,0.8200,0.059788
10,knowledge/10.txt,0.8300,0.059688
10,knowledge/10.txt,0.8400,0.059622
10,knowledge/10.txt,0.8500,0.059586
10,knowledge/10.txt,0.8600,0.059580
10,knowledge/10.txt,0.8700,0.059602
10,knowledge/10.txt,0.8800,0.059650
10,knowledge/10.txt,0.8900,0.059723
10,knowledge/10.txt,0.9000,0.059820
11,math/01.txt,0.3100,0.142672
11,math/01.txt,0.3200,0.134681
11,math/01.txt,0.3300,0.127305
11,math/01.txt,0.3400,0.120488
11,math/01.txt,0.3500,0.114181
11,math/01.txt,0.3600,0.108340
11,math/01.txt,0.3700,0.102926
11,math/01.txt,0.3800,0.097904
11,math/01.txt,0.3900,0.093242
11,math/01.txt,0.4000,0.088913
11,math/01.txt,0.4100,0.084889
11,math/01.txt,0.4200,0.081149
11,math/01.txt,0.4300,0.077670
11,math/01.txt,0.4400,0.074433
11,math/01.txt,0.4500,0.071422
11,math/01.txt,0.4600,0.068619
11,math/01.txt,0.4700,0.066011
11,math/01.txt,0.4800,0.063584
11,math/01.txt,0.4900,0.061325
11,math/01.txt,0.5000,0.059223
11,math/01.txt,0.5100,0.057267
11,math/01.txt,0.5200,0.055449
11,math/01.txt,0.5300,0.053758
11,math/01.txt,0.5400,0.052187
11,math/01.txt,0.5500,0.050728
11,math/01.txt,0.5600,0.049374
11,math/01.txt,0.5700,0.048118
11,math/01.txt,0.5800,0.046954
11,math/01.txt,0.5900,0.045876
11,math/01.txt,0.6000,0.044880
11,math/01.txt,0.6100,0.043960
11,math/01.txt,0.6200,0.043111
11,math/01.txt,0.6300,0.042329
11,math/01.txt,0.6400,0.041611
11,math/01.txt,0.6500,0.040952
11,math/01.txt,0.6600,0.040350
11,math/01.txt,0.6700,0.039800
11,math/01.txt,0.6800,0.039299
11,math/01.txt,0.6900,0.038845
11,math/01.txt,0.7000,0.038435
11,math/01.txt,0.7100,0.038066
11,math/01.txt,0.7200,0.037737
11,math/01.txt,0.7300,0.037444
11,math/01.txt,0.7400,0.037186
11,math/01.txt,0.7500,0.036961
11,math/01.txt,0.7600,0.036766
11,math/01.txt,0.7700,0.036601
11,math/01.txt,0.7800,0.036463
11,math/01.txt,0.7900,0.036351
11,math/01.txt,0.8000,0.036263
11,math/01.txt,0.8100,0.036198
11,math/01.txt,0.8200,0.036155
11,math/01.txt,0.8300,0.036133
11,math/01.txt,0.8400,0.036129
11,math/01.txt,0.8500,0.036144
11,math/01.txt,0.8600,0.036177
11,math/01.txt,0.8700,0.036225
11,math/01.txt,0.8800,0.036289
11,math/01.txt,0.8900,0.036367
11,math/01.txt,0.9000,0.036459
12,math/02.txt,0.3100,0.094008
12,math/02.txt,0.3200,0.089183
12,math/02.txt,0.3300,0.084725
12,math/02.txt,0.3400,0.080602
12,math/02.txt,0.3500,0.076783
12,math/02.txt,0.3600,0.073242
12,math/02.txt,0.3700,0.069955
12,math/02.txt,0.3800,0.066901
12,math/02.txt,0.3900,0.064061
12,math/02.txt,0.4000,0.061419
12,math/02.txt,0.4100,0.058958
12,math/02.txt,0.4200,0.056665
12,math/02.txt,0.4300,0.054527
12,math/02.txt,0.4400,0.052533
12,math/02.txt,0.4500,0.050672
12,math/02.txt,0.4600,0.048935
12,math/02.txt,0.4700,0.047313
12,math/02.txt,0.4800,0.045798
12,math/02.txt,0.4900,0.044382
12,math/02.txt,0.5000,0.043060
12,math/02.txt,0.5100,0.041824
12,math/02.txt,0.5200,0.040669
12,math/02.txt,0.5300,0.039590
12,math/02.txt,0.5400,0.038581
12,math/02.txt,0.5500,0.037639
12,math/02.txt,0.5600,0.036760
12,math/02.txt,0.5700,0.035938
12,math/02.txt,0.5800,0.035172
12,math/02.txt,0.5900,0.034456
12,math/02.txt,0.6000,0.033790
12,math/02.txt,0.6100,0.033168
12,math/02.txt,0.6200,0.032589
12,math/02.txt,0.6300,0.032051
12,math/02.txt,0.6400,0.031550
12,math/02.txt,0.6500,0.031086
12,math/02.txt,0.6600,0.030654
12,math/02.txt,0.6700,0.030255
12,math/02.txt,0.6800,0.029885
12,math/02.txt,0.6900,0.029544
12,math/02.txt,0.7000,0.029230
12,math/02.txt,0.7100,0.028940
12,math/02.txt,0.7200,0.028675
12,math/02.txt,0.7300,0.028431
12,math/02.txt,0.7400,0.028210
12,math/02.txt,0.7500,0.028008
12,math/02.txt,0.7600,0.027825
12,math/02.txt,0.7700,0.027661
12,math/02.txt,0.7800,0.027513
12,math/02.txt,0.7900,0.027381
12,math/02.txt,0.8000,0.027265
12,math/02.txt,0.8100,0.027163
12,math/02.txt,0.8200,0.027075
12,math/02.txt,0.8300,0.027000
12,math/02.txt,0.8400,0.026937
12,math/02.txt,0.8500,0.026886
12,math/02.txt,0.8600,0.026846
12,math/02.txt,0.8700,0.026816
12,math/02.txt,0.8800,0.026796
12,math/02.txt,0.8900,0.026786
12,math/02.txt,0.9000,0.026784
13,math/03.txt,0.3100,0.170432
13,math/03.txt,0.3200,0.162247
13,math/03.txt,0.3300,0.154655
13,math/03.txt,0.3400,0.147601
13,math/03.txt,0.3500,0.141040
13,math/03.txt,0.3600,0.134928
13,math/03.txt,0.3700,0.129228
13,math/03.txt,0.3800,0.123907
13,math/03.txt,0.3900,0.118935
13,math/03.txt,0.4000,0.114283
13,math/03.txt,0.4100,0.109928
13,math/03.txt,0.4200,0.105847
13,math/03.txt,0.4300,0.102021
13,math/03.txt,0.4400,0.098430
13,math/03.txt,0.4500,0.095059
13,math/03.txt,0.4600,0.091891
13,math/03.txt,0.4700,0.088914
13,math/03.txt,0.4800,0.086113
13,math/03.txt,0.4900,0.083478
13,math/03.txt,0.5000,0.080998
13,math/03.txt,0.5100,0.078662
13,math/03.txt,0.5200,0.076462
13,math/03.txt,0.5300,0.074388
13,math/03.txt,0.5400,0.072434
13,math/03.txt,0.5500,0.070592
13,math/03.txt,0.5600,0.068855
13,math/03.txt,0.5700,0.067216
13,math/03.txt,0.5800,0.065671
13,math/03.txt,0.5900,0.064214
13,math/03.txt,0.6000,0.062838
13,math/03.txt,0.6100,0.061541
13,math/03.txt,0.6200,0.060317
13,math/03.txt,0.6300,0.059163
13,math/03.txt,0.6400,0.058074
13,math/03.txt,0.6500,0.057047
13,math/03.txt,0.6600,0.056078
13,math/03.txt,0.6700,0.055165
13,math/03.txt,0.6800,0.054305
13,math/03.txt,0.6900,0.053494
13,math/03.txt,0.7000,0.052730
13,math/03.txt,0.7100,0.052010
13,math/03.txt,0.7200,0.051333
13,math/03.txt,0.7300,0.050696
13,math/03.txt,0.7400,0.050096
13,math/03.txt,0.7500,0.049533
13,math/03.txt,0.7600,0.049004
13,math/03.txt,0.7700,0.048508
13,math/03.txt,0.7800,0.048043
13,math/03.txt,0.7900,0.047607
13,math/03.txt,0.8000,0.047198
13,math/03.txt,0.8100,0.046817
13,math/03.txt,0.8200,0.046461
13,math/03.txt,0.8300,0.046128
13,math/03.txt,0.8400,0.045819
13,math/03.txt,0.8500,0.045531
13,math/03.txt,0.8600,0.045264
13,math/03.txt,0.8700,0.045017
13,math/03.txt,0.8800,0.044788
13,math/03.txt,0.8900,0.044578
13,math/03.txt,0.9000,0.044384
14,math/04.txt,0.3100,0.235334
14,math/04.txt,0.3200,0.223228
14,math/04.txt,0.3300,0.212014
14,math/04.txt,0.3400,0.201609
14,math/04.txt,0.3500,0.191943
14,math/04.txt,0.3600,0.182953
14,math/04.txt,0.3700,0.174582
14,math/04.txt,0.3800,0.166780
14,math/04.txt,0.3900,0.159500
14,math/04.txt,0.4000,0.152702
14,math/04.txt,0.4100,0.146349
14,math/04.txt,0.4200,0.140407
14,math/04.txt,0.4300,0.134847
14,math/04.txt,0.4400,0.129640
14,math/04.txt,0.4500,0.124761
14,math/04.txt,0.4600,0.120187
14,math/04.txt,0.4700,0.115897
14,math/04.txt,0.4800,0.111873
14,math/04.txt,0.4900,0.108096
14,math/04.txt,0.5000,0.104549
14,math/04.txt,0.5100,0.101219
14,math/04.txt,0.5200,0.098091
14,math/04.txt,0.5300,0.095152
14,math/04.txt,0.5400,0.092391
14,math/04.txt,0.5500,0.089797
14,math/04.txt,0.5600,0.087359
14,math/04.txt,0.5700,0.085067
14,math/04.txt,0.5800,0.082915
14,math/04.txt,0.5900,0.080892
14,math/04.txt,0.6000,0.078992
14,math/04.txt,0.6100,0.077207
14,math/04.txt,0.6200,0.075531
14,math/04.txt,0.6300,0.073958
14,math/04.txt,0.6400,0.072482
14,math/04.txt,0.6500,0.071097
14,math/04.txt,0.6600,0.069798
14,math/04.txt,0.6700,0.068581
14,math/04.txt,0.6800,0.067441
14,math/04.txt,0.6900,0.066375
14,math/04.txt,0.7000,0.065377
14,math/04.txt,0.7100,0.064444
14,math/04.txt,0.7200,0.063574
14,math/04.txt,0.7300,0.062762
14,math/04.txt,0.7400,0.062006
14,math/04.txt,0.7500,0.061302
14,math/04.txt,0.7600,0.060649
14,math/04.txt,0.7700,0.060042
14,math/04.txt,0.7800,0.059481
14,math/04.txt,0.7900,0.058962
14,math/04.txt,0.8000,0.058484
14,math/04.txt,0.8100,0.058044
14,math/04.txt,0.8200,0.057640
14,math/04.txt,0.8300,0.057272
14,math/04.txt,0.8400,0.056936
14,math/04.txt,0.8500,0.056631
14,math/04.txt,0.8600,0.056356
14,math/04.txt,0.8700,0.056109
14,math/04.txt,0.8800,0.055889
14,math/04.txt,0.8900,0.055694
14,math/04.txt,0.9000,0.055524
15,math/05.txt,0.3100,0.094777
15,math/05.txt,0.3200,0.089478
15,math/05.txt,0.3300,0.084584
15,math/05.txt,0.3400,0.080058
15,math/05.txt,0.3500,0.075868
15,math/05.txt,0.3600,0.071985
15,math/05.txt,0.3700,0.068382
15,math/05.txt,0.3800,0.065037
15,math/05.txt,0.3900,0.061930
15,math/05.txt,0.4000,0.059040
15,math/05.txt,0.4100,0.056352
15,math/05.txt,0.4200,0.053850
15,math/05.txt,0.4300,0.051521
15,math/05.txt,0.4400,0.049351
15,math/05.txt,0.4500,0.047329
15,math/05.txt,0.4600,0.045445
15,math/05.txt,0.4700,0.043689
15,math/05.txt,0.4800,0.042052
15,math/05.txt,0.4900,0.040526
15,math/05.txt,0.5000,0.039104
15,math/05.txt,0.5100,0.037779
15,math/05.txt,0.5200,0.036544
15,math/05.txt,0.5300,0.035394
15,math/05.txt,0.5400,0.034324
15,math/05.txt,0.5500,0.033328
15,math/05.txt,0.5600,0.032401
15,math/05.txt,0.5700,0.031540
15,math/05.txt,0.5800,0.030740
15,math/05.txt,0.5900,0.029998
15,math/05.txt,0.6000,0.029311
15,math/05.txt,0.6100,0.028674
15,math/05.txt,0.6200,0.028085
15,math/05.txt,0.6300,0.027541
15,math/05.txt,0.6400,0.027040
15,math/05.txt,0.6500,0.026579
15,math/05.txt,0.6600,0.026156
15,math/05.txt,0.6700,0.025768
15,math/05.txt,0.6800,0.025414
15,math/05.txt,0.6900,0.025091
15,math/05.txt,0.7000,0.024799
15,math/05.txt,0.7100,0.024535
15,math/05.txt,0.7200,0.024297
15,math/05.txt,0.7300,0.024085
15,math/05.txt,0.7400,0.023896
15,math/05.txt,0.7500,0.023730
15,math/05.txt,0.7600,0.023585
15,math/05.txt,0.7700,0.023460
15,math/05.txt,0.7800,0.023354
15,math/05.txt,0.7900,0.023266
15,math/05.txt,0.8000,0.023195
15,math/05.txt,0.8100,0.023141
15,math/05.txt,0.8200,0.023101
15,math/05.txt,0.8300,0.023076
15,math/05.txt,0.8400,0.023064
15,math/05.txt,0.8500,0.023065
15,math/05.txt,0.8600,0.023078
15,math/05.txt,0.8700,0.023103
15,math/05.txt,0.8800,0.023139
15,math/05.txt,0.8900,0.023185
15,math/05.txt,0.9000,0.023240
16,math/06.txt,0.3100,0.201154
16,math/06.txt,0.3200,0.191412
16,math/06.txt,0.3300,0.182388
16,math/06.txt,0.3400,0.174017
16,math/06.txt,0.3500,0.166241
16,math/06.txt,0.3600,0.159009
16,math/06.txt,0.3700,0.152275
16,math/06.txt,0.3800,0.145999
16,math/06.txt,0.3900,0.140143
16,math/06.txt,0.4000,0.134674
16,math/06.txt,0.4100,0.129563
16,math/06.txt,0.4200,0.124783
16,math/06.txt,0.4300,0.120309
16,math/06.txt,0.4400,0.116118
16,math/06.txt,0.4500,0.112191
16,math/06.txt,0.4600,0.108509
16,math/06.txt,0.4700,0.105055
16,math/06.txt,0.4800,0.101814
16,math/06.txt,0.4900,0.098771
16,math/06.txt,0.5000,0.095914
16,math/06.txt,0.5100,0.093229
16,math/06.txt,0.5200,0.090707
16,math/06.txt,0.5300,0.088337
16,math/06.txt,0.5400,0.086109
16,math/06.txt,0.5500,0.084014
16,math/06.txt,0.5600,0.082045
16,math/06.txt,0.5700,0.080194
16,math/06.txt,0.5800,0.078454
16,math/06.txt,0.5900,0.076819
16,math/06.txt,0.6000,0.075281
16,math/06.txt,0.6100,0.073836
16,math/06.txt,0.6200,0.072479
16,math/06.txt,0.6300,0.071204
16,math/06.txt,0.6400,0.070007
16,math/06.txt,0.6500,0.068883
16,math/06.txt,0.6600,0.067828
16,math/06.txt,0.6700,0.066840
16,math/06.txt,0.6800,0.065913
16,math/06.txt,0.6900,0.065045
16,math/06.txt,0.7000,0.064233
16,math/06.txt,0.7100,0.063473
16,math/06.txt,0.7200,0.062763
16,math/06.txt,0.7300,0.062101
16,math/06.txt,0.7400,0.061483
16,math/06.txt,0.7500,0.060908
16,math/06.txt,0.7600,0.060373
16,math/06.txt,0.7700,0.059876
16,math/06.txt,0.7800,0.059416
16,math/06.txt,0.7900,0.058990
16,math/06.txt,0.8000,0.058597
16,math/06.txt,0.8100,0.058235
16,math/06.txt,0.8200,0.057902
16,math/06.txt,0.8300,0.057598
16,math/06.txt,0.8400,0.057321
16,math/06.txt,0.8500,0.057068
16,math/06.txt,0.8600,0.056840
16,math/06.txt,0.8700,0.056635
16,math/06.txt,0.8800,0.056452
16,math/06.txt,0.8900,0.056290
16,math/06.txt,0.9000,0.056147
17,math/07.txt,0.3100,0.234484
17,math/07.txt,0.3200,0.222435
17,math/07.txt,0.3300,0.211280
17,math/07.txt,0.3400,0.200939
17,math/07.txt,0.3500,0.191340
17,math/07.txt,0.3600,0.182419
17,math/07.txt,0.3700,0.174120
17,math/07.txt,0.3800,0.166392
17,math/07.txt,0.3900,0.159188
17,math/07.txt,0.4000,0.152468
17,math/07.txt,0.4100,0.146194
17,math/07.txt,0.4200,0.140334
17,math/07.txt,0.4300,0.134855
17,math/07.txt,0.4400,0.129731
17,math/07.txt,0.4500,0.124935
17,math/07.txt,0.4600,0.120446
17,math/07.txt,0.4700,0.116241
17,math/07.txt,0.4800,0.112302
17,math/07.txt,0.4900,0.108610
17,math/07.txt,0.5000,0.105149
17,math/07.txt,0.5100,0.101904
17,math/07.txt,0.5200,0.098860
17,math/07.txt,0.5300,0.096006
17,math/07.txt,0.5400,0.093330
17,math/07.txt,0.5500,0.090819
17,math/07.txt,0.5600,0.088464
17,math/07.txt,0.5700,0.086256
17,math/07.txt,0.5800,0.084185
17,math/07.txt,0.5900,0.082244
17,math/07.txt,0.6000,0.080425
17,math/07.txt,0.6100,0.078720
17,math/07.txt,0.6200,0.077123
17,math/07.txt,0.6300,0.075628
17,math/07.txt,0.6400,0.074229
17,math/07.txt,0.6500,0.072920
17,math/07.txt,0.6600,0.071697
17,math/07.txt,0.6700,0.070555
17,math/07.txt,0.6800,0.069489
17,math/07.txt,0.6900,0.068495
17,math/07.txt,0.7000,0.067569
17,math/07.txt,0.7100,0.066707
17,math/07.txt,0.7200,0.065907
17,math/07.txt,0.7300,0.065164
17,math/07.txt,0.7400,0.064475
17,math/07.txt,0.7500,0.063839
17,math/07.txt,0.7600,0.063251
17,math/07.txt,0.7700,0.062710
17,math/07.txt,0.7800,0.062213
17,math/07.txt,0.7900,0.061758
17,math/07.txt,0.8000,0.061342
17,math/07.txt,0.8100,0.060963
17,math/07.txt,0.8200,0.060621
17,math/07.txt,0.8300,0.060311
17,math/07.txt,0.8400,0.060034
17,math/07.txt,0.8500,0.059788
17,math/07.txt,0.8600,0.059570
17,math/07.txt,0.8700,0.059380
17,math/07.txt,0.8800,0.059215
17,math/07.txt,0.8900,0.059076
17,math/07.txt,0.9000,0.058959
18,math/08.txt,0.3100,0.126049
18,math/08.txt,0.3200,0.119760
18,math/08.txt,0.3300,0.113933
18,math/08.txt,0.3400,0.108526
18,math/08.txt,0.3500,0.103503
18,math/08.txt,0.3600,0.098831
18,math/08.txt,0.3700,0.094480
18,math/08.txt,0.3800,0.090424
18,math/08.txt,0.3900,0.086639
18,math/08.txt,0.4000,0.083105
18,math/08.txt,0.4100,0.079801
18,math/08.txt,0.4200,0.076711
18,math/08.txt,0.4300,0.073819
18,math/08.txt,0.4400,0.071110
18,math/08.txt,0.4500,0.068571
18,math/08.txt,0.4600,0.066191
18,math/08.txt,0.4700,0.063959
18,math/08.txt,0.4800,0.061864
18,math/08.txt,0.4900,0.059897
18,math/08.txt,0.5000,0.058050
18,math/08.txt,0.5100,0.056314
18,math/08.txt,0.5200,0.054684
18,math/08.txt,0.5300,0.053152
18,math/08.txt,0.5400,0.051712
18,math/08.txt,0.5500,0.050358
18,math/08.txt,0.5600,0.049085
18,math/08.txt,0.5700,0.047888
18,math/08.txt,0.5800,0.046763
18,math/08.txt,0.5900,0.045705
18,math/08.txt,0.6000,0.044711
18,math/08.txt,0.6100,0.043776
18,math/08.txt,0.6200,0.042898
18,math/08.txt,0.6300,0.042073
18,math/08.txt,0.6400,0.041297
18,math/08.txt,0.6500,0.040570
18,math/08.txt,0.6600,0.039886
18,math/08.txt,0.6700,0.039245
18,math/08.txt,0.6800,0.038644
18,math/08.txt,0.6900,0.038080
18,math/08.txt,0.7000,0.037553
18,math/08.txt,0.7100,0.037059
18,math/08.txt,0.7200,0.036597
18,math/08.txt,0.7300,0.036165
18,math/08.txt,0.7400,0.035762
18,math/08.txt,0.7500,0.035386
18,math/08.txt,0.7600,0.035036
18,math/08.txt,0.7700,0.034710
18,math/08.txt,0.7800,0.034408
18,math/08.txt,0.7900,0.034128
18,math/08.txt,0.8000,0.033868
18,math/08.txt,0.8100,0.033629
18,math/08.txt,0.8200,0.033408
18,math/08.txt,0.8300,0.033205
18,math/08.txt,0.8400,0.033019
18,math/08.txt,0.8500,0.032849
18,math/08.txt,0.8600,0.032695
18,math/08.txt,0.8700,0.032555
18,math/08.txt,0.8800,0.032430
18,math/08.txt,0.8900,0.032317
18,math/08.txt,0.9000,0.032217
19,math/09.txt,0.3100,0.198871
19,math/09.txt,0.3200,0.189385
19,math/09.txt,0.3300,0.180594
19,math/09.txt,0.3400,0.172434
19,math/09.txt,0.3500,0.164849
19,math/09.txt,0.3600,0.157792
19,math/09.txt,0.3700,0.151217
19,math/09.txt,0.3800,0.145085
19,math/09.txt,0.3900,0.139361
19,math/09.txt,0.4000,0.134013
19,math/09.txt,0.4100,0.129012
19,math/09.txt,0.4200,0.124331
19,math/09.txt,0.4300,0.119948
19,math/09.txt,0.4400,0.115841
19,math/09.txt,0.4500,0.111990
19,math/09.txt,0.4600,0.108377
19,math/09.txt,0.4700,0.104986
19,math/09.txt,0.4800,0.101801
19,math/09.txt,0.4900,0.098810
19,math/09.txt,0.5000,0.095998
19,math/09.txt,0.5100,0.093356
19,math/09.txt,0.5200,0.090871
19,math/09.txt,0.5300,0.088533
19,math/09.txt,0.5400,0.086335
19,math/09.txt,0.5500,0.084266
19,math/09.txt,0.5600,0.082320
19,math/09.txt,0.5700,0.080488
19,math/09.txt,0.5800,0.078764
19,math/09.txt,0.5900,0.077142
19,math/09.txt,0.6000,0.075615
19,math/09.txt,0.6100,0.074179
19,math/09.txt,0.6200,0.072827
19,math/09.txt,0.6300,0.071556
19,math/09.txt,0.6400,0.070361
19,math/09.txt,0.6500,0.069237
19,math/09.txt,0.6600,0.068180
19,math/09.txt,0.6700,0.067188
19,math/09.txt,0.6800,0.066255
19,math/09.txt,0.6900,0.065380
19,math/09.txt,0.7000,0.064559
19,math/09.txt,0.7100,0.063790
19,math/09.txt,0.7200,0.063068
19,math/09.txt,0.7300,0.062393
19,math/09.txt,0.7400,0.061762
19,math/09.txt,0.7500,0.061171
19,math/09.txt,0.7600,0.060620
19,math/09.txt,0.7700,0.060106
19,math/09.txt,0.7800,0.059628
19,math/09.txt,0.7900,0.059183
19,math/09.txt,0.8000,0.058770
19,math/09.txt,0.8100,0.058387
19,math/09.txt,0.8200,0.058033
19,math/09.txt,0.8300,0.057706
19,math/09.txt,0.8400,0.057405
19,math/09.txt,0.8500,0.057129
19,math/09.txt,0.8600,0.056877
19,math/09.txt,0.8700,0.056647
19,math/09.txt,0.8800,0.056438
19,math/09.txt,0.8900,0.056249
19,math/09.txt,0.9000,0.056079
20,math/10.txt,0.3100,0.247159
20,math/10.txt,0.3200,0.234880
20,math/10.txt,0.3300,0.223503
20,math/10.txt,0.3400,0.212949
20,math/10.txt,0.3500,0.203145
20,math/10.txt,0.3600,0.194026
20,math/10.txt,0.3700,0.185537
20,math/10.txt,0.3800,0.177625
20,math/10.txt,0.3900,0.170246
20,math/10.txt,0.4000,0.163356
20,math/10.txt,0.4100,0.156919
20,math/10.txt,0.4200,0.150901
20,math/10.txt,0.4300,0.145271
20,math/10.txt,0.4400,0.140000
20,math/10.txt,0.4500,0.135065
20,math/10.txt,0.4600,0.130440
20,math/10.txt,0.4700,0.126105
20,math/10.txt,0.4800,0.122040
20,math/10.txt,0.4900,0.118227
20,math/10.txt,0.5000,0.114649
20,math/10.txt,0.5100,0.111292
20,math/10.txt,0.5200,0.108140
20,math/10.txt,0.5300,0.105182
20,math/10.txt,0.5400,0.102405
20,math/10.txt,0.5500,0.099797
20,math/10.txt,0.5600,0.097349
20,math/10.txt,0.5700,0.095051
20,math/10.txt,0.5800,0.092894
20,math/10.txt,0.5900,0.090869
20,math/10.txt,0.6000,0.088969
20,math/10.txt,0.6100,0.087186
20,math/10.txt,0.6200,0.085514
20,math/10.txt,0.6300,0.083946
20,math/10.txt,0.6400,0.082477
20,math/10.txt,0.6500,0.081101
20,math/10.txt,0.6600,0.079813
20,math/10.txt,0.6700,0.078607
20,math/10.txt,0.6800,0.077480
20,math/10.txt,0.6900,0.076427
20,math/10.txt,0.7000,0.075444
20,math/10.txt,0.7100,0.074528
20,math/10.txt,0.7200,0.073674
20,math/10.txt,0.7300,0.072879
20,math/10.txt,0.7400,0.072141
20,math/10.txt,0.7500,0.071456
20,math/10.txt,0.7600,0.070822
20,math/10.txt,0.7700,0.070235
20,math/10.txt,0.7800,0.069694
20,math/10.txt,0.7900,0.069196
20,math/10.txt,0.8000,0.068739
20,math/10.txt,0.8100,0.068320
20,math/10.txt,0.8200,0.067938
20,math/10.txt,0.8300,0.067591
20,math/10.txt,0.8400,0.067278
20,math/10.txt,0.8500,0.066995
20,math/10.txt,0.8600,0.066743
20,math/10.txt,0.8700,0.066518
20,math/10.txt,0.8800,0.066321
20,math/10.txt,0.8900,0.066149
20,math/10.txt,0.9000,0.066002
21,swe/01.txt,0.3100,0.097983
21,swe/01.txt,0.3200,0.092682
21,swe/01.txt,0.3300,0.087792
21,swe/01.txt,0.3400,0.083277
21,swe/01.txt,0.3500,0.079102
21,swe/01.txt,0.3600,0.075239
21,swe/01.txt,0.3700,0.071661
21,swe/01.txt,0.3800,0.068345
21,swe/01.txt,0.3900,0.065270
21,swe/01.txt,0.4000,0.062416
21,swe/01.txt,0.4100,0.059767
21,swe/01.txt,0.4200,0.057307
21,swe/01.txt,0.4300,0.055021
21,swe/01.txt,0.4400,0.052897
21,swe/01.txt,0.4500,0.050923
21,swe/01.txt,0.4600,0.049088
21,swe/01.txt,0.4700,0.047383
21,swe/01.txt,0.4800,0.045798
21,swe/01.txt,0.4900,0.044325
21,swe/01.txt,0.5000,0.042957
21,swe/01.txt,0.5100,0.041686
21,swe/01.txt,0.5200,0.040506
21,swe/01.txt,0.5300,0.039411
21,swe/01.txt,0.5400,0.038396
21,swe/01.txt,0.5500,0.037455
21,swe/01.txt,0.5600,0.036583
21,swe/01.txt,0.5700,0.035777
21,swe/01.txt,0.5800,0.035032
21,swe/01.txt,0.5900,0.034344
21,swe/01.txt,0.6000,0.033710
21,swe/01.txt,0.6100,0.033127
21,swe/01.txt,0.6200,0.032591
21,swe/01.txt,0.6300,0.032100
21,swe/01.txt,0.6400,0.031650
21,swe/01.txt,0.6500,0.031240
21,swe/01.txt,0.6600,0.030867
21,swe/01.txt,0.6700,0.030529
21,swe/01.txt,0.6800,0.030223
21,swe/01.txt,0.6900,0.029948
21,swe/01.txt,0.7000,0.029703
21,swe/01.txt,0.7100,0.029485
21,swe/01.txt,0.7200,0.029292
21,swe/01.txt,0.7300,0.029124
21,swe/01.txt,0.7400,0.028979
21,swe/01.txt,0.7500,0.028855
21,swe/01.txt,0.7600,0.028752
21,swe/01.txt,0.7700,0.028668
21,swe/01.txt,0.7800,0.028601
21,swe/01.txt,0.7900,0.028552
21,swe/01.txt,0.8000,0.028519
21,swe/01.txt,0.8100,0.028501
21,swe/01.txt,0.8200,0.028498
21,swe/01.txt,0.8300,0.028508
21,swe/01.txt,0.8400,0.028530
21,swe/01.txt,0.8500,0.028565
21,swe/01.txt,0.8600,0.028610
21,swe/01.txt,0.8700,0.028667
21,swe/01.txt,0.8800,0.028733
21,swe/01.txt,0.8900,0.028809
21,swe/01.txt,0.9000,0.028894
22,swe/02.txt,0.3100,0.104704
22,swe/02.txt,0.3200,0.098918
22,swe/02.txt,0.3300,0.093575
22,swe/02.txt,0.3400,0.088636
22,swe/02.txt,0.3500,0.084065
22,swe/02.txt,0.3600,0.079830
22,swe/02.txt,0.3700,0.075904
22,swe/02.txt,0.3800,0.072260
22,swe/02.txt,0.3900,0.068877
22,swe/02.txt,0.4000,0.065734
22,swe/02.txt,0.4100,0.062812
22,swe/02.txt,0.4200,0.060094
22,swe/02.txt,0.4300,0.057566
22,swe/02.txt,0.4400,0.055214
22,swe/02.txt,0.4500,0.053024
22,swe/02.txt,0.4600,0.050986
22,swe/02.txt,0.4700,0.049089
22,swe/02.txt,0.4800,0.047322
22,swe/02.txt,0.4900,0.045678
22,swe/02.txt,0.5000,0.044149
22,swe/02.txt,0.5100,0.042725
22,swe/02.txt,0.5200,0.041402
22,swe/02.txt,0.5300,0.040171
22,swe/02.txt,0.5400,0.039028
22,swe/02.txt,0.5500,0.037966
22,swe/02.txt,0.5600,0.036981
22,swe/02.txt,0.5700,0.036068
22,swe/02.txt,0.5800,0.035222
22,swe/02.txt,0.5900,0.034439
22,swe/02.txt,0.6000,0.033716
22,swe/02.txt,0.6100,0.033049
22,swe/02.txt,0.6200,0.032434
22,swe/02.txt,0.6300,0.031868
22,swe/02.txt,0.6400,0.031349
22,swe/02.txt,0.6500,0.030874
22,swe/02.txt,0.6600,0.030440
22,swe/02.txt,0.6700,0.030045
22,swe/02.txt,0.6800,0.029687
22,swe/02.txt,0.6900,0.029363
22,swe/02.txt,0.7000,0.029072
22,swe/02.txt,0.7100,0.028811
22,swe/02.txt,0.7200,0.028579
22,swe/02.txt,0.7300,0.028374
22,swe/02.txt,0.7400,0.028195
22,swe/02.txt,0.7500,0.028041
22,swe/02.txt,0.7600,0.027909
22,swe/02.txt,0.7700,0.027799
22,swe/02.txt,0.7800,0.027710
22,swe/02.txt,0.7900,0.027640
22,swe/02.txt,0.8000,0.027588
22,swe/02.txt,0.8100,0.027553
22,swe/02.txt,0.8200,0.027534
22,swe/02.txt,0.8300,0.027531
22,swe/02.txt,0.8400,0.027542
22,swe/02.txt,0.8500,0.027567
22,swe/02.txt,0.8600,0.027605
22,swe/02.txt,0.8700,0.027655
22,swe/02.txt,0.8800,0.027716
22,swe/02.txt,0.8900,0.027789
22,swe/02.txt,0.9000,0.027871
23,swe/03.txt,0.3100,0.160201
23,swe/03.txt,0.3200,0.149947
23,swe/03.txt,0.3300,0.140527
23,swe/03.txt,0.3400,0.131865
23,swe/03.txt,0.3500,0.123893
23,swe/03.txt,0.3600,0.116552
23,swe/03.txt,0.3700,0.109787
23,swe/03.txt,0.3800,0.103551
23,swe/03.txt,0.3900,0.097800
23,swe/03.txt,0.4000,0.092494
23,swe/03.txt,0.4100,0.087600
23,swe/03.txt,0.4200,0.083084
23,swe/03.txt,0.4300,0.078919
23,swe/03.txt,0.4400,0.075077
23,swe/03.txt,0.4500,0.071535
23,swe/03.txt,0.4600,0.068271
23,swe/03.txt,0.4700,0.065265
23,swe/03.txt,0.4800,0.062498
23,swe/03.txt,0.4900,0.059954
23,swe/03.txt,0.5000,0.057618
23,swe/03.txt,0.5100,0.055474
23,swe/03.txt,0.5200,0.053510
23,swe/03.txt,0.5300,0.051713
23,swe/03.txt,0.5400,0.050073
23,swe/03.txt,0.5500,0.048579
23,swe/03.txt,0.5600,0.047222
23,swe/03.txt,0.5700,0.045991
23,swe/03.txt,0.5800,0.044881
23,swe/03.txt,0.5900,0.043881
23,swe/03.txt,0.6000,0.042986
23,swe/03.txt,0.6100,0.042189
23,swe/03.txt,0.6200,0.041484
23,swe/03.txt,0.6300,0.040864
23,swe/03.txt,0.6400,0.040324
23,swe/03.txt,0.6500,0.039860
23,swe/03.txt,0.6600,0.039466
23,swe/03.txt,0.6700,0.039138
23,swe/03.txt,0.6800,0.038873
23,swe/03.txt,0.6900,0.038665
23,swe/03.txt,0.7000,0.038512
23,swe/03.txt,0.7100,0.038410
23,swe/03.txt,0.7200,0.038357
23,swe/03.txt,0.7300,0.038348
23,swe/03.txt,0.7400,0.038381
23,swe/03.txt,0.7500,0.038454
23,swe/03.txt,0.7600,0.038564
23,swe/03.txt,0.7700,0.038709
23,swe/03.txt,0.7800,0.038887
23,swe/03.txt,0.7900,0.039095
23,swe/03.txt,0.8000,0.039332
23,swe/03.txt,0.8100,0.039595
23,swe/03.txt,0.8200,0.039884
23,swe/03.txt,0.8300,0.040196
23,swe/03.txt,0.8400,0.040530
23,swe/03.txt,0.8500,0.040885
23,swe/03.txt,0.8600,0.041259
23,swe/03.txt,0.8700,0.041650
23,swe/03.txt,0.8800,0.042059
23,swe/03.txt,0.8900,0.042483
23,swe/03.txt,0.9000,0.042922
24,swe/04.txt,0.3100,0.133956
24,swe/04.txt,0.3200,0.126532
24,swe/04.txt,0.3300,0.119686
24,swe/04.txt,0.3400,0.113366
24,swe/04.txt,0.3500,0.107525
24,swe/04.txt,0.3600,0.102122
24,swe/04.txt,0.3700,0.097120
24,swe/04.txt,0.3800,0.092486
24,swe/04.txt,0.3900,0.088190
24,swe/04.txt,0.4000,0.084204
24,swe/04.txt,0.4100,0.080505
24,swe/04.txt,0.4200,0.077072
24,swe/04.txt,0.4300,0.073883
24,swe/04.txt,0.4400,0.070921
24,swe/04.txt,0.4500,0.068170
24,swe/04.txt,0.4600,0.065614
24,swe/04.txt,0.4700,0.063240
24,swe/04.txt,0.4800,0.061034
24,swe/04.txt,0.4900,0.058987
24,swe/04.txt,0.5000,0.057086
24,swe/04.txt,0.5100,0.055322
24,swe/04.txt,0.5200,0.053686
24,swe/04.txt,0.5300,0.052169
24,swe/04.txt,0.5400,0.050765
24,swe/04.txt,0.5500,0.049465
24,swe/04.txt,0.5600,0.048263
24,swe/04.txt,0.5700,0.047153
24,swe/04.txt,0.5800,0.046129
24,swe/04.txt,0.5900,0.045186
24,swe/04.txt,0.6000,0.044318
24,swe/04.txt,0.6100,0.043522
24,swe/04.txt,0.6200,0.042793
24,swe/04.txt,0.6300,0.042126
24,swe/04.txt,0.6400,0.041519
24,swe/04.txt,0.6500,0.040967
24,swe/04.txt,0.6600,0.040468
24,swe/04.txt,0.6700,0.040018
24,swe/04.txt,0.6800,0.039614
24,swe/04.txt,0.6900,0.039254
24,swe/04.txt,0.7000,0.038935
24,swe/04.txt,0.7100,0.038654
24,swe/04.txt,0.7200,0.038410
24,swe/04.txt,0.7300,0.038201
24,swe/04.txt,0.7400,0.038023
24,swe/04.txt,0.7500,0.037877
24,swe/04.txt,0.7600,0.037759
24,swe/04.txt,0.7700,0.037668
24,swe/04.txt,0.7800,0.037603
24,swe/04.txt,0.7900,0.037562
24,swe/04.txt,0.8000,0.037543
24,swe/04.txt,0.8100,0.037546
24,swe/04.txt,0.8200,0.037570
24,swe/04.txt,0.8300,0.037612
24,swe/04.txt,0.8400,0.037672
24,swe/04.txt,0.8500,0.037750
24,swe/04.txt,0.8600,0.037843
24,swe/04.txt,0.8700,0.037951
24,swe/04.txt,0.8800,0.038074
24,swe/04.txt,0.8900,0.038209
24,swe/04.txt,0.9000,0.038358
25,swe/05.txt,0.3100,0.213972
25,swe/05.txt,0.3200,0.201200
25,swe/05.txt,0.3300,0.189411
25,swe/05.txt,0.3400,0.178518
25,swe/05.txt,0.3500,0.168443
25,swe/05.txt,0.3600,0.159114
25,swe/05.txt,0.3700,0.150471
25,swe/05.txt,0.3800,0.142457
25,swe/05.txt,0.3900,0.135021
25,swe/05.txt,0.4000,0.128119
25,swe/05.txt,0.4100,0.121710
25,swe/05.txt,0.4200,0.115755
25,swe/05.txt,0.4300,0.110223
25,swe/05.txt,0.4400,0.105082
25,swe/05.txt,0.4500,0.100304
25,swe/05.txt,0.4600,0.095864
25,swe/05.txt,0.4700,0.091738
25,swe/05.txt,0.4800,0.087904
25,swe/05.txt,0.4900,0.084344
25,swe/05.txt,0.5000,0.081038
25,swe/05.txt,0.5100,0.077971
25,swe/05.txt,0.5200,0.075126
25,swe/05.txt,0.5300,0.072489
25,swe/05.txt,0.5400,0.070047
25,swe/05.txt,0.5500,0.067788
25,swe/05.txt,0.5600,0.065700
25,swe/05.txt,0.5700,0.063772
25,swe/05.txt,0.5800,0.061996
25,swe/05.txt,0.5900,0.060361
25,swe/05.txt,0.6000,0.058859
25,swe/05.txt,0.6100,0.057482
25,swe/05.txt,0.6200,0.056223
25,swe/05.txt,0.6300,0.055074
25,swe/05.txt,0.6400,0.054030
25,swe/05.txt,0.6500,0.053083
25,swe/05.txt,0.6600,0.052229
25,swe/05.txt,0.6700,0.051462
25,swe/05.txt,0.6800,0.050777
25,swe/05.txt,0.6900,0.050169
25,swe/05.txt,0.7000,0.049633
25,swe/05.txt,0.7100,0.049166
25,swe/05.txt,0.7200,0.048764
25,swe/05.txt,0.7300,0.048423
25,swe/05.txt,0.7400,0.048140
25,swe/05.txt,0.7500,0.047910
25,swe/05.txt,0.7600,0.047732
25,swe/05.txt,0.7700,0.047602
25,swe/05.txt,0.7800,0.047518
25,swe/05.txt,0.7900,0.047476
25,swe/05.txt,0.8000,0.047475
25,swe/05.txt,0.8100,0.047512
25,swe/05.txt,0.8200,0.047586
25,swe/05.txt,0.8300,0.047693
25,swe/05.txt,0.8400,0.047832
25,swe/05.txt,0.8500,0.048002
25,swe/05.txt,0.8600,0.048200
25,swe/05.txt,0.8700,0.048425
25,swe/05.txt,0.8800,0.048676
25,swe/05.txt,0.8900,0.048950
25,swe/05.txt,0.9000,0.049246
26,swe/06.txt,0.3100,0.157475
26,swe/06.txt,0.3200,0.148814
26,swe/06.txt,0.3300,0.140801
26,swe/06.txt,0.3400,0.133379
26,swe/06.txt,0.3500,0.126496
26,swe/06.txt,0.3600,0.120107
26,swe/06.txt,0.3700,0.114170
26,swe/06.txt,0.3800,0.108650
26,swe/06.txt,0.3900,0.103514
26,swe/06.txt,0.4000,0.098731
26,swe/06.txt,0.4100,0.094275
26,swe/06.txt,0.4200,0.090122
26,swe/06.txt,0.4300,0.086250
26,swe/06.txt,0.4400,0.082638
26,swe/06.txt,0.4500,0.079268
26,swe/06.txt,0.4600,0.076124
26,swe/06.txt,0.4700,0.073189
26,swe/06.txt,0.4800,0.070450
26,swe/06.txt,0.4900,0.067893
26,swe/06.txt,0.5000,0.065508
26,swe/06.txt,0.5100,0.063282
26,swe/06.txt,0.5200,0.061205
26,swe/06.txt,0.5300,0.059268
26,swe/06.txt,0.5400,0.057463
26,swe/06.txt,0.5500,0.055780
26,swe/06.txt,0.5600,0.054213
26,swe/06.txt,0.5700,0.052755
26,swe/06.txt,0.5800,0.051399
26,swe/06.txt,0.5900,0.050138
26,swe/06.txt,0.6000,0.048968
26,swe/06.txt,0.6100,0.047883
26,swe/06.txt,0.6200,0.046877
26,swe/06.txt,0.6300,0.045947
26,swe/06.txt,0.6400,0.045088
26,swe/06.txt,0.6500,0.044296
26,swe/06.txt,0.6600,0.043567
26,swe/06.txt,0.6700,0.042898
26,swe/06.txt,0.6800,0.042285
26,swe/06.txt,0.6900,0.041725
26,swe/06.txt,0.7000,0.041215
26,swe/06.txt,0.7100,0.040752
26,swe/06.txt,0.7200,0.040335
26,swe/06.txt,0.7300,0.039959
26,swe/06.txt,0.7400,0.039624
26,swe/06.txt,0.7500,0.039326
26,swe/06.txt,0.7600,0.039064
26,swe/06.txt,0.7700,0.038836
26,swe/06.txt,0.7800,0.038640
26,swe/06.txt,0.7900,0.038474
26,swe/06.txt,0.8000,0.038336
26,swe/06.txt,0.8100,0.038226
26,swe/06.txt,0.8200,0.038141
26,swe/06.txt,0.8300,0.038081
26,swe/06.txt,0.8400,0.038043
26,swe/06.txt,0.8500,0.038027
26,swe/06.txt,0.8600,0.038031
26,swe/06.txt,0.8700,0.038055
26,swe/06.txt,0.8800,0.038098
26,swe/06.txt,0.8900,0.038157
26,swe/06.txt,0.9000,0.038233
27,swe/07.txt,0.3100,0.109913
27,swe/07.txt,0.3200,0.103936
27,swe/07.txt,0.3300,0.098424
27,swe/07.txt,0.3400,0.093334
27,swe/07.txt,0.3500,0.088629
27,swe/07.txt,0.3600,0.084274
27,swe/07.txt,0.3700,0.080241
27,swe/07.txt,0.3800,0.076503
27,swe/07.txt,0.3900,0.073035
27,swe/07.txt,0.4000,0.069816
27,swe/07.txt,0.4100,0.066828
27,swe/07.txt,0.4200,0.064051
27,swe/07.txt,0.4300,0.061470
27,swe/07.txt,0.4400,0.059071
27,swe/07.txt,0.4500,0.056841
27,swe/07.txt,0.4600,0.054766
27,swe/07.txt,0.4700,0.052837
27,swe/07.txt,0.4800,0.051044
27,swe/07.txt,0.4900,0.049376
27,swe/07.txt,0.5000,0.047825
27,swe/07.txt,0.5100,0.046384
27,swe/07.txt,0.5200,0.045045
27,swe/07.txt,0.5300,0.043802
27,swe/07.txt,0.5400,0.042648
27,swe/07.txt,0.5500,0.041577
27,swe/07.txt,0.5600,0.040585
27,swe/07.txt,0.5700,0.039667
27,swe/07.txt,0.5800,0.038817
27,swe/07.txt,0.5900,0.038032
27,swe/07.txt,0.6000,0.037307
27,swe/07.txt,0.6100,0.036639
27,swe/07.txt,0.6200,0.036025
27,swe/07.txt,0.6300,0.035461
27,swe/07.txt,0.6400,0.034945
27,swe/07.txt,0.6500,0.034473
27,swe/07.txt,0.6600,0.034042
27,swe/07.txt,0.6700,0.033652
27,swe/07.txt,0.6800,0.033298
27,swe/07.txt,0.6900,0.032979
27,swe/07.txt,0.7000,0.032693
27,swe/07.txt,0.7100,0.032439
27,swe/07.txt,0.7200,0.032213
27,swe/07.txt,0.7300,0.032016
27,swe/07.txt,0.7400,0.031844
27,swe/07.txt,0.7500,0.031697
27,swe/07.txt,0.7600,0.031572
27,swe/07.txt,0.7700,0.031470
27,swe/07.txt,0.7800,0.031389
27,swe/07.txt,0.7900,0.031327
27,swe/07.txt,0.8000,0.031283
27,swe/07.txt,0.8100,0.031256
27,swe/07.txt,0.8200,0.031246
27,swe/07.txt,0.8300,0.031252
27,swe/07.txt,0.8400,0.031272
27,swe/07.txt,0.8500,0.031305
27,swe/07.txt,0.8600,0.031352
27,swe/07.txt,0.8700,0.031411
27,swe/07.txt,0.8800,0.031481
27,swe/07.txt,0.8900,0.031562
27,swe/07.txt,0.9000,0.031654
28,swe/08.txt,0.3100,0.227042
28,swe/08.txt,0.3200,0.214140
28,swe/08.txt,0.3300,0.202234
28,swe/08.txt,0.3400,0.191234
28,swe/08.txt,0.3500,0.181062
28,swe/08.txt,0.3600,0.171644
28,swe/08.txt,0.3700,0.162919
28,swe/08.txt,0.3800,0.154828
28,swe/08.txt,0.3900,0.147322
28,swe/08.txt,0.4000,0.140353
28,swe/08.txt,0.4100,0.133880
28,swe/08.txt,0.4200,0.127865
28,swe/08.txt,0.4300,0.122274
28,swe/08.txt,0.4400,0.117076
28,swe/08.txt,0.4500,0.112242
28,swe/08.txt,0.4600,0.107746
28,swe/08.txt,0.4700,0.103565
28,swe/08.txt,0.4800,0.099676
28,swe/08.txt,0.4900,0.096060
28,swe/08.txt,0.5000,0.092698
28,swe/08.txt,0.5100,0.089573
28,swe/08.txt,0.5200,0.086669
28,swe/08.txt,0.5300,0.083971
28,swe/08.txt,0.5400,0.081468
28,swe/08.txt,0.5500,0.079145
28,swe/08.txt,0.5600,0.076992
28,swe/08.txt,0.5700,0.074997
28,swe/08.txt,0.5800,0.073152
28,swe/08.txt,0.5900,0.071446
28,swe/08.txt,0.6000,0.069871
28,swe/08.txt,0.6100,0.068419
28,swe/08.txt,0.6200,0.067083
28,swe/08.txt,0.6300,0.065855
28,swe/08.txt,0.6400,0.064729
28,swe/08.txt,0.6500,0.063700
28,swe/08.txt,0.6600,0.062760
28,swe/08.txt,0.6700,0.061906
28,swe/08.txt,0.6800,0.061132
28,swe/08.txt,0.6900,0.060433
28,swe/08.txt,0.7000,0.059805
28,swe/08.txt,0.7100,0.059244
28,swe/08.txt,0.7200,0.058746
28,swe/08.txt,0.7300,0.058307
28,swe/08.txt,0.7400,0.057925
28,swe/08.txt,0.7500,0.057595
28,swe/08.txt,0.7600,0.057315
28,swe/08.txt,0.7700,0.057081
28,swe/08.txt,0.7800,0.056892
28,swe/08.txt,0.7900,0.056745
28,swe/08.txt,0.8000,0.056637
28,swe/08.txt,0.8100,0.056566
28,swe/08.txt,0.8200,0.056531
28,swe/08.txt,0.8300,0.056528
28,swe/08.txt,0.8400,0.056556
28,swe/08.txt,0.8500,0.056614
28,swe/08.txt,0.8600,0.056700
28,swe/08.txt,0.8700,0.056811
28,swe/08.txt,0.8800,0.056948
28,swe/08.txt,0.8900,0.057107
28,swe/08.txt,0.9000,0.057288
29,swe/09.txt,0.3100,0.133882
29,swe/09.txt,0.3200,0.126454
29,swe/09.txt,0.3300,0.119594
29,swe/09.txt,0.3400,0.113252
29,swe/09.txt,0.3500,0.107382
29,swe/09.txt,0.3600,0.101942
29,swe/09.txt,0.3700,0.096897
29,swe/09.txt,0.3800,0.092213
29,swe/09.txt,0.3900,0.087862
29,swe/09.txt,0.4000,0.083818
29,swe/09.txt,0.4100,0.080056
29,swe/09.txt,0.4200,0.076555
29,swe/09.txt,0.4300,0.073296
29,swe/09.txt,0.4400,0.070261
29,swe/09.txt,0.4500,0.067433
29,swe/09.txt,0.4600,0.064799
29,swe/09.txt,0.4700,0.062343
29,swe/09.txt,0.4800,0.060055
29,swe/09.txt,0.4900,0.057922
29,swe/09.txt,0.5000,0.055935
29,swe/09.txt,0.5100,0.054083
29,swe/09.txt,0.5200,0.052358
29,swe/09.txt,0.5300,0.050752
29,swe/09.txt,0.5400,0.049257
29,swe/09.txt,0.5500,0.047865
29,swe/09.txt,0.5600,0.046571
29,swe/09.txt,0.5700,0.045368
29,swe/09.txt,0.5800,0.044251
29,swe/09.txt,0.5900,0.043215
29,swe/09.txt,0.6000,0.042254
29,swe/09.txt,0.6100,0.041365
29,swe/09.txt,0.6200,0.040542
29,swe/09.txt,0.6300,0.039783
29,swe/09.txt,0.6400,0.039082
29,swe/09.txt,0.6500,0.038438
29,swe/09.txt,0.6600,0.037846
29,swe/09.txt,0.6700,0.037304
29,swe/09.txt,0.6800,0.036808
29,swe/09.txt,0.6900,0.036356
29,swe/09.txt,0.7000,0.035946
29,swe/09.txt,0.7100,0.035576
29,swe/09.txt,0.7200,0.035242
29,swe/09.txt,0.7300,0.034943
29,swe/09.txt,0.7400,0.034678
29,swe/09.txt,0.7500,0.034443
29,swe/09.txt,0.7600,0.034238
29,swe/09.txt,0.7700,0.034061
29,swe/09.txt,0.7800,0.033909
29,swe/09.txt,0.7900,0.033783
29,swe/09.txt,0.8000,0.033681
29,swe/09.txt,0.8100,0.033600
29,swe/09.txt,0.8200,0.033540
29,swe/09.txt,0.8300,0.033501
29,swe/09.txt,0.8400,0.033480
29,swe/09.txt,0.8500,0.033476
29,swe/09.txt,0.8600,0.033490
29,swe/09.txt,0.8700,0.033519
29,swe/09.txt,0.8800,0.033563
29,swe/09.txt,0.8900,0.033621
29,swe/09.txt,0.9000,0.033693
30,swe/10.txt,0.3100,0.140660
30,swe/10.txt,0.3200,0.132696
30,swe/10.txt,0.3300,0.125341
30,swe/10.txt,0.3400,0.118538
30,swe/10.txt,0.3500,0.112241
30,swe/10.txt,0.3600,0.106405
30,swe/10.txt,0.3700,0.100993
30,swe/10.txt,0.3800,0.095969
30,swe/10.txt,0.3900,0.091304
30,swe/10.txt,0.4000,0.086968
30,swe/10.txt,0.4100,0.082937
30,swe/10.txt,0.4200,0.079187
30,swe/10.txt,0.4300,0.075698
30,swe/10.txt,0.4400,0.072451
30,swe/10.txt,0.4500,0.069429
30,swe/10.txt,0.4600,0.066615
30,swe/10.txt,0.4700,0.063995
30,swe/10.txt,0.4800,0.061557
30,swe/10.txt,0.4900,0.059287
30,swe/10.txt,0.5000,0.057174
30,swe/10.txt,0.5100,0.055208
30,swe/10.txt,0.5200,0.053380
30,swe/10.txt,0.5300,0.051680
30,swe/10.txt,0.5400,0.050101
30,swe/10.txt,0.5500,0.048635
30,swe/10.txt,0.5600,0.047274
30,swe/10.txt,0.5700,0.046012
30,swe/10.txt,0.5800,0.044843
30,swe/10.txt,0.5900,0.043762
30,swe/10.txt,0.6000,0.042763
30,swe/10.txt,0.6100,0.041841
30,swe/10.txt,0.6200,0.040991
30,swe/10.txt,0.6300,0.040209
30,swe/10.txt,0.6400,0.039492
30,swe/10.txt,0.6500,0.038835
30,swe/10.txt,0.6600,0.038235
30,swe/10.txt,0.6700,0.037688
30,swe/10.txt,0.6800,0.037192
30,swe/10.txt,0.6900,0.036744
30,swe/10.txt,0.7000,0.036340
30,swe/10.txt,0.7100,0.035979
30,swe/10.txt,0.7200,0.035657
30,swe/10.txt,0.7300,0.035373
30,swe/10.txt,0.7400,0.035124
30,swe/10.txt,0.7500,0.034909
30,swe/10.txt,0.7600,0.034725
30,swe/10.txt,0.7700,0.034571
30,swe/10.txt,0.7800,0.034446
30,swe/10.txt,0.7900,0.034346
30,swe/10.txt,0.8000,0.034272
30,swe/10.txt,0.8100,0.034221
30,swe/10.txt,0.8200,0.034193
30,swe/10.txt,0.8300,0.034185
30,swe/10.txt,0.8400,0.034198
30,swe/10.txt,0.8500,0.034229
30,swe/10.txt,0.8600,0.034277
30,swe/10.txt,0.8700,0.034343
30,swe/10.txt,0.8800,0.034424
30,swe/10.txt,0.8900,0.034520
30,swe/10.txt,0.9000,0.034629
