prompt,target,n_prompt,window_start,window_end,kl_target,top1_target,kl_handoff,top1_handoff
01_python_bug,ud-iq2_m,292,0,64,0.046531,92.2,0.042925,92.2
01_python_bug,ud-iq2_m,292,64,128,0.072702,95.3,0.072480,95.3
01_python_bug,ud-iq2_m,292,128,192,0.016407,100.0,0.025865,100.0
01_python_bug,ud-iq2_m,292,192,256,0.223503,93.8,0.202667,90.6
01_python_bug,ud-iq2_m,292,256,320,0.080145,96.9,0.073866,98.4
01_python_bug,ud-iq2_m,292,320,384,0.103984,93.8,0.106433,93.8
01_python_bug,ud-iq2_m,292,384,448,0.051506,95.3,0.062917,95.3
01_python_bug,ud-iq2_m,292,448,512,0.069734,95.3,0.108819,95.3
01_python_bug,ud-iq2_m,292,512,576,0.007766,98.4,0.005463,98.4
01_python_bug,ud-iq2_m,292,576,640,0.116937,93.8,0.084684,95.3
01_python_bug,ud-iq2_m,292,640,704,0.000000,100.0,0.000000,100.0
01_python_bug,ud-iq2_m,292,704,768,0.126393,96.9,0.099839,96.9
01_python_bug,ud-iq2_m,292,768,832,0.052233,96.9,0.037952,98.4
01_python_bug,ud-iq2_m,292,832,896,0.142913,92.2,0.150231,95.3
01_python_bug,ud-iq2_m,292,896,960,0.003106,100.0,0.005102,100.0
01_python_bug,ud-iq2_m,292,960,963,0.005351,100.0,0.001616,100.0
02_rust_explain,ud-iq2_m,506,0,64,0.180865,93.8,0.181200,93.8
02_rust_explain,ud-iq2_m,506,64,128,0.051437,98.4,0.059304,96.9
02_rust_explain,ud-iq2_m,506,128,192,0.116269,95.3,0.173791,93.8
02_rust_explain,ud-iq2_m,506,192,256,0.233063,93.8,0.263523,93.8
02_rust_explain,ud-iq2_m,506,256,320,0.029648,98.4,0.038315,98.4
02_rust_explain,ud-iq2_m,506,320,384,0.123756,93.8,0.106394,95.3
02_rust_explain,ud-iq2_m,506,384,448,0.180017,95.3,0.137491,95.3
02_rust_explain,ud-iq2_m,506,448,512,0.056672,96.9,0.080020,96.9
02_rust_explain,ud-iq2_m,506,512,576,0.092082,95.3,0.081929,95.3
02_rust_explain,ud-iq2_m,506,576,640,0.067713,96.9,0.074570,96.9
02_rust_explain,ud-iq2_m,506,640,704,0.062364,96.9,0.092488,95.3
02_rust_explain,ud-iq2_m,506,704,768,0.030742,96.9,0.039025,98.4
02_rust_explain,ud-iq2_m,506,768,832,0.054435,98.4,0.152475,96.9
02_rust_explain,ud-iq2_m,506,832,896,0.022961,100.0,0.024941,100.0
02_rust_explain,ud-iq2_m,506,896,960,0.040710,100.0,0.050427,98.4
02_rust_explain,ud-iq2_m,506,960,1024,0.015353,100.0,0.060345,98.4
02_rust_explain,ud-iq2_m,506,1024,1088,0.290345,96.9,0.263286,95.3
02_rust_explain,ud-iq2_m,506,1088,1152,0.026131,98.4,0.014351,100.0
02_rust_explain,ud-iq2_m,506,1152,1216,0.178334,93.8,0.166476,93.8
02_rust_explain,ud-iq2_m,506,1216,1280,0.008620,98.4,0.018036,96.9
02_rust_explain,ud-iq2_m,506,1280,1344,0.060238,95.3,0.085333,93.8
02_rust_explain,ud-iq2_m,506,1344,1408,0.367655,92.2,0.362210,90.6
02_rust_explain,ud-iq2_m,506,1408,1472,0.067870,98.4,0.060345,98.4
02_rust_explain,ud-iq2_m,506,1472,1536,0.227871,92.2,0.286315,92.2
02_rust_explain,ud-iq2_m,506,1536,1556,0.017507,100.0,0.066514,95.0
03_go_bug,ud-iq2_m,329,0,64,0.175285,92.2,0.184206,90.6
03_go_bug,ud-iq2_m,329,64,128,0.079367,95.3,0.110659,93.8
03_go_bug,ud-iq2_m,329,128,192,0.150872,96.9,0.140146,96.9
03_go_bug,ud-iq2_m,329,192,256,0.302949,93.8,0.256722,92.2
03_go_bug,ud-iq2_m,329,256,320,0.183363,89.1,0.165362,89.1
03_go_bug,ud-iq2_m,329,320,384,0.024587,98.4,0.015429,98.4
03_go_bug,ud-iq2_m,329,384,448,0.142781,87.5,0.146395,90.6
03_go_bug,ud-iq2_m,329,448,512,0.208466,87.5,0.243954,89.1
03_go_bug,ud-iq2_m,329,512,576,0.314091,90.6,0.202928,89.1
03_go_bug,ud-iq2_m,329,576,640,0.154046,93.8,0.201388,92.2
03_go_bug,ud-iq2_m,329,640,704,0.141243,92.2,0.085551,95.3
03_go_bug,ud-iq2_m,329,704,768,0.127272,90.6,0.131206,90.6
03_go_bug,ud-iq2_m,329,768,832,0.009132,100.0,0.003384,100.0
03_go_bug,ud-iq2_m,329,832,896,0.000194,100.0,0.000267,100.0
03_go_bug,ud-iq2_m,329,896,960,0.003734,100.0,0.003754,100.0
03_go_bug,ud-iq2_m,329,960,1024,0.001969,100.0,0.005579,100.0
03_go_bug,ud-iq2_m,329,1024,1088,0.041800,98.4,0.036167,98.4
03_go_bug,ud-iq2_m,329,1088,1152,0.001985,100.0,0.006781,100.0
03_go_bug,ud-iq2_m,329,1152,1216,0.055234,96.9,0.071041,96.9
03_go_bug,ud-iq2_m,329,1216,1280,0.051696,98.4,0.032572,98.4
03_go_bug,ud-iq2_m,329,1280,1344,0.004730,98.4,0.027981,98.4
03_go_bug,ud-iq2_m,329,1344,1408,0.000000,100.0,0.000001,100.0
03_go_bug,ud-iq2_m,329,1408,1472,0.000000,100.0,0.000000,100.0
03_go_bug,ud-iq2_m,329,1472,1536,0.020157,100.0,0.004090,100.0
03_go_bug,ud-iq2_m,329,1536,1600,0.171399,90.6,0.107917,92.2
03_go_bug,ud-iq2_m,329,1600,1664,0.189356,90.6,0.150904,92.2
03_go_bug,ud-iq2_m,329,1664,1721,0.038631,98.2,0.030845,100.0
04_cpp_explain,ud-iq2_m,751,0,64,0.122283,92.2,0.063420,96.9
04_cpp_explain,ud-iq2_m,751,64,128,0.191835,95.3,0.225132,92.2
04_cpp_explain,ud-iq2_m,751,128,192,0.302358,90.6,0.233138,92.2
04_cpp_explain,ud-iq2_m,751,192,256,0.227627,90.6,0.162823,92.2
04_cpp_explain,ud-iq2_m,751,256,320,0.109823,96.9,0.102373,96.9
04_cpp_explain,ud-iq2_m,751,320,384,0.106231,95.3,0.075715,96.9
04_cpp_explain,ud-iq2_m,751,384,448,0.110766,93.8,0.145010,92.2
04_cpp_explain,ud-iq2_m,751,448,512,0.048853,98.4,0.045964,98.4
04_cpp_explain,ud-iq2_m,751,512,576,0.269067,92.2,0.298285,90.6
04_cpp_explain,ud-iq2_m,751,576,640,0.007136,100.0,0.027911,100.0
04_cpp_explain,ud-iq2_m,751,640,704,0.070220,96.9,0.056833,95.3
04_cpp_explain,ud-iq2_m,751,704,768,0.018214,98.4,0.021784,96.9
04_cpp_explain,ud-iq2_m,751,768,832,0.163826,95.3,0.186195,95.3
04_cpp_explain,ud-iq2_m,751,832,896,0.108224,95.3,0.099270,96.9
04_cpp_explain,ud-iq2_m,751,896,960,0.158027,90.6,0.119655,90.6
04_cpp_explain,ud-iq2_m,751,960,1024,0.096758,93.8,0.071940,96.9
04_cpp_explain,ud-iq2_m,751,1024,1088,0.231255,92.2,0.142040,92.2
04_cpp_explain,ud-iq2_m,751,1088,1152,0.004219,100.0,0.005061,100.0
04_cpp_explain,ud-iq2_m,751,1152,1216,0.168556,93.8,0.138650,93.8
04_cpp_explain,ud-iq2_m,751,1216,1253,0.357461,89.2,0.303385,89.2
05_js_bug,ud-iq2_m,498,0,64,0.055680,95.3,0.072453,93.8
05_js_bug,ud-iq2_m,498,64,128,0.150972,85.9,0.152957,87.5
05_js_bug,ud-iq2_m,498,128,192,0.243877,87.5,0.237722,87.5
05_js_bug,ud-iq2_m,498,192,256,0.246795,93.8,0.164507,93.8
05_js_bug,ud-iq2_m,498,256,320,0.158484,92.2,0.152041,92.2
05_js_bug,ud-iq2_m,498,320,384,0.265628,89.1,0.242192,90.6
05_js_bug,ud-iq2_m,498,384,448,0.198285,95.3,0.218471,89.1
05_js_bug,ud-iq2_m,498,448,512,0.470796,87.5,0.303624,87.5
05_js_bug,ud-iq2_m,498,512,576,0.228208,92.2,0.257515,87.5
05_js_bug,ud-iq2_m,498,576,640,0.075533,93.8,0.058307,95.3
05_js_bug,ud-iq2_m,498,640,704,0.119163,93.8,0.108333,95.3
05_js_bug,ud-iq2_m,498,704,768,0.065714,93.8,0.046569,95.3
05_js_bug,ud-iq2_m,498,768,832,0.074962,96.9,0.097588,95.3
05_js_bug,ud-iq2_m,498,832,896,0.052545,95.3,0.052180,95.3
05_js_bug,ud-iq2_m,498,896,960,0.050994,98.4,0.027414,98.4
05_js_bug,ud-iq2_m,498,960,1024,0.064248,96.9,0.069885,98.4
05_js_bug,ud-iq2_m,498,1024,1088,0.010117,98.4,0.016514,98.4
05_js_bug,ud-iq2_m,498,1088,1152,0.024067,98.4,0.060012,98.4
05_js_bug,ud-iq2_m,498,1152,1216,0.047100,96.9,0.051121,95.3
05_js_bug,ud-iq2_m,498,1216,1280,0.369627,90.6,0.376628,90.6
05_js_bug,ud-iq2_m,498,1280,1344,0.011502,100.0,0.011658,100.0
05_js_bug,ud-iq2_m,498,1344,1408,0.125623,95.3,0.110384,95.3
05_js_bug,ud-iq2_m,498,1408,1472,0.055766,96.9,0.074079,95.3
05_js_bug,ud-iq2_m,498,1472,1536,0.003288,100.0,0.007613,100.0
05_js_bug,ud-iq2_m,498,1536,1600,0.015809,100.0,0.022774,100.0
05_js_bug,ud-iq2_m,498,1600,1664,0.017541,100.0,0.022725,98.4
05_js_bug,ud-iq2_m,498,1664,1728,0.049371,96.9,0.077385,93.8
05_js_bug,ud-iq2_m,498,1728,1734,0.000097,100.0,0.000000,100.0
06_python_explain,ud-iq2_m,506,0,64,0.101312,96.9,0.025652,95.3
06_python_explain,ud-iq2_m,506,64,128,0.153082,92.2,0.150349,93.8
06_python_explain,ud-iq2_m,506,128,192,0.177452,93.8,0.112797,93.8
06_python_explain,ud-iq2_m,506,192,256,0.059945,98.4,0.047543,98.4
06_python_explain,ud-iq2_m,506,256,320,0.057298,96.9,0.123435,95.3
06_python_explain,ud-iq2_m,506,320,384,0.182688,93.8,0.170155,95.3
06_python_explain,ud-iq2_m,506,384,448,0.049210,96.9,0.040432,93.8
06_python_explain,ud-iq2_m,506,448,512,0.097777,95.3,0.058353,96.9
06_python_explain,ud-iq2_m,506,512,576,0.040508,98.4,0.040306,95.3
06_python_explain,ud-iq2_m,506,576,640,0.010109,96.9,0.023110,95.3
06_python_explain,ud-iq2_m,506,640,704,0.118195,93.8,0.103132,95.3
06_python_explain,ud-iq2_m,506,704,768,0.026471,98.4,0.015702,100.0
06_python_explain,ud-iq2_m,506,768,832,0.168704,95.3,0.152877,95.3
06_python_explain,ud-iq2_m,506,832,896,0.106644,95.3,0.074302,95.3
06_python_explain,ud-iq2_m,506,896,960,0.032174,96.9,0.034688,100.0
06_python_explain,ud-iq2_m,506,960,1024,0.176226,95.3,0.102880,95.3
06_python_explain,ud-iq2_m,506,1024,1088,0.196622,89.1,0.158009,92.2
06_python_explain,ud-iq2_m,506,1088,1152,0.239610,90.6,0.246286,90.6
06_python_explain,ud-iq2_m,506,1152,1216,0.033243,96.9,0.032506,98.4
06_python_explain,ud-iq2_m,506,1216,1280,0.133045,93.8,0.108939,93.8
06_python_explain,ud-iq2_m,506,1280,1344,0.162573,96.9,0.149010,96.9
06_python_explain,ud-iq2_m,506,1344,1408,0.080065,98.4,0.087615,98.4
06_python_explain,ud-iq2_m,506,1408,1432,0.100832,91.7,0.175576,91.7
07_c_bug,ud-iq2_m,677,0,64,0.026637,98.4,0.034598,96.9
07_c_bug,ud-iq2_m,677,64,128,0.073461,98.4,0.058068,98.4
07_c_bug,ud-iq2_m,677,128,192,0.073149,90.6,0.071143,92.2
07_c_bug,ud-iq2_m,677,192,256,0.067348,96.9,0.064618,96.9
07_c_bug,ud-iq2_m,677,256,320,0.106437,93.8,0.050685,95.3
07_c_bug,ud-iq2_m,677,320,384,0.209063,92.2,0.221426,93.8
07_c_bug,ud-iq2_m,677,384,448,0.082870,98.4,0.066189,98.4
07_c_bug,ud-iq2_m,677,448,512,0.032133,96.9,0.022201,96.9
07_c_bug,ud-iq2_m,677,512,576,0.032117,98.4,0.031980,98.4
07_c_bug,ud-iq2_m,677,576,640,0.057077,95.3,0.058085,92.2
07_c_bug,ud-iq2_m,677,640,704,0.064932,95.3,0.063845,96.9
07_c_bug,ud-iq2_m,677,704,768,0.023861,98.4,0.020199,100.0
07_c_bug,ud-iq2_m,677,768,832,0.000002,100.0,0.000010,100.0
07_c_bug,ud-iq2_m,677,832,896,0.019420,100.0,0.017345,100.0
07_c_bug,ud-iq2_m,677,896,960,0.028967,96.9,0.015269,98.4
07_c_bug,ud-iq2_m,677,960,1024,0.067789,95.3,0.049994,95.3
07_c_bug,ud-iq2_m,677,1024,1088,0.031856,98.4,0.025672,98.4
07_c_bug,ud-iq2_m,677,1088,1152,0.074684,93.8,0.079218,96.9
07_c_bug,ud-iq2_m,677,1152,1216,0.046529,93.8,0.045117,93.8
07_c_bug,ud-iq2_m,677,1216,1262,0.146394,87.0,0.124231,87.0
08_java_explain,ud-iq2_m,754,0,64,0.161366,90.6,0.140872,95.3
08_java_explain,ud-iq2_m,754,64,128,0.222590,92.2,0.157427,92.2
08_java_explain,ud-iq2_m,754,128,192,0.044500,98.4,0.035207,96.9
08_java_explain,ud-iq2_m,754,192,256,0.056717,96.9,0.061822,95.3
08_java_explain,ud-iq2_m,754,256,320,0.146239,92.2,0.069612,93.8
08_java_explain,ud-iq2_m,754,320,384,0.239958,98.4,0.184286,96.9
08_java_explain,ud-iq2_m,754,384,448,0.016153,100.0,0.023640,100.0
08_java_explain,ud-iq2_m,754,448,512,0.053859,98.4,0.027608,98.4
08_java_explain,ud-iq2_m,754,512,576,0.012947,98.4,0.024937,98.4
08_java_explain,ud-iq2_m,754,576,640,0.139630,92.2,0.161300,92.2
08_java_explain,ud-iq2_m,754,640,704,0.043874,98.4,0.016767,100.0
08_java_explain,ud-iq2_m,754,704,768,0.133101,96.9,0.129084,96.9
08_java_explain,ud-iq2_m,754,768,832,0.048971,95.3,0.075640,95.3
08_java_explain,ud-iq2_m,754,832,896,0.087083,96.9,0.105397,96.9
08_java_explain,ud-iq2_m,754,896,960,0.216258,95.3,0.298486,95.3
08_java_explain,ud-iq2_m,754,960,1024,0.083186,95.3,0.082652,95.3
08_java_explain,ud-iq2_m,754,1024,1088,0.003908,100.0,0.010871,100.0
08_java_explain,ud-iq2_m,754,1088,1152,0.040676,98.4,0.035345,96.9
08_java_explain,ud-iq2_m,754,1152,1191,0.442863,89.7,0.481082,89.7
09_python_large,ud-iq2_m,2123,0,64,0.012626,98.4,0.014082,98.4
09_python_large,ud-iq2_m,2123,64,128,0.168302,93.8,0.135329,92.2
09_python_large,ud-iq2_m,2123,128,192,0.005122,100.0,0.044480,98.4
09_python_large,ud-iq2_m,2123,192,256,0.224478,89.1,0.253550,90.6
09_python_large,ud-iq2_m,2123,256,320,0.119716,95.3,0.114484,93.8
09_python_large,ud-iq2_m,2123,320,384,0.124059,95.3,0.089034,95.3
09_python_large,ud-iq2_m,2123,384,448,0.183615,87.5,0.214520,87.5
09_python_large,ud-iq2_m,2123,448,512,0.006719,100.0,0.027412,98.4
09_python_large,ud-iq2_m,2123,512,576,0.136073,93.8,0.181085,90.6
09_python_large,ud-iq2_m,2123,576,640,0.191729,90.6,0.198225,92.2
09_python_large,ud-iq2_m,2123,640,704,0.153380,95.3,0.099763,95.3
09_python_large,ud-iq2_m,2123,704,768,0.295392,92.2,0.262347,93.8
09_python_large,ud-iq2_m,2123,768,832,0.666082,84.4,0.559939,82.8
09_python_large,ud-iq2_m,2123,832,896,0.214045,93.8,0.184284,92.2
09_python_large,ud-iq2_m,2123,896,960,0.136114,95.3,0.175231,95.3
09_python_large,ud-iq2_m,2123,960,1024,0.625897,89.1,0.512719,87.5
09_python_large,ud-iq2_m,2123,1024,1088,0.407946,87.5,0.405139,90.6
09_python_large,ud-iq2_m,2123,1088,1152,0.220139,95.3,0.142171,92.2
09_python_large,ud-iq2_m,2123,1152,1216,0.513978,84.4,0.574203,87.5
09_python_large,ud-iq2_m,2123,1216,1280,0.150722,93.8,0.128891,96.9
09_python_large,ud-iq2_m,2123,1280,1344,0.154183,90.6,0.169711,92.2
09_python_large,ud-iq2_m,2123,1344,1408,0.190986,90.6,0.132083,90.6
09_python_large,ud-iq2_m,2123,1408,1472,0.181400,95.3,0.200521,95.3
09_python_large,ud-iq2_m,2123,1472,1536,0.597172,90.6,0.610640,89.1
09_python_large,ud-iq2_m,2123,1536,1600,0.302150,90.6,0.236612,92.2
09_python_large,ud-iq2_m,2123,1600,1664,0.150563,95.3,0.171013,95.3
09_python_large,ud-iq2_m,2123,1664,1728,0.111037,92.2,0.112469,92.2
09_python_large,ud-iq2_m,2123,1728,1792,0.028060,98.4,0.073458,95.3
09_python_large,ud-iq2_m,2123,1792,1856,0.040678,95.3,0.045937,95.3
09_python_large,ud-iq2_m,2123,1856,1920,0.081082,95.3,0.053820,96.9
09_python_large,ud-iq2_m,2123,1920,1984,0.065262,96.9,0.086961,96.9
09_python_large,ud-iq2_m,2123,1984,2048,0.259262,89.1,0.267299,85.9
10_go_large,ud-iq2_m,1862,0,64,0.006315,98.4,0.004627,98.4
10_go_large,ud-iq2_m,1862,64,128,0.058683,95.3,0.059470,96.9
10_go_large,ud-iq2_m,1862,128,192,0.120408,93.8,0.070728,95.3
10_go_large,ud-iq2_m,1862,192,256,0.315147,87.5,0.229091,90.6
10_go_large,ud-iq2_m,1862,256,320,0.124801,93.8,0.128788,95.3
10_go_large,ud-iq2_m,1862,320,384,0.401291,87.5,0.286627,90.6
10_go_large,ud-iq2_m,1862,384,448,0.173123,90.6,0.141660,90.6
10_go_large,ud-iq2_m,1862,448,512,0.079908,92.2,0.050904,93.8
10_go_large,ud-iq2_m,1862,512,576,0.133431,93.8,0.152726,95.3
10_go_large,ud-iq2_m,1862,576,640,0.153906,92.2,0.149845,90.6
10_go_large,ud-iq2_m,1862,640,704,0.357640,92.2,0.254289,92.2
10_go_large,ud-iq2_m,1862,704,768,0.193835,93.8,0.159422,93.8
10_go_large,ud-iq2_m,1862,768,832,0.256454,92.2,0.141534,92.2
10_go_large,ud-iq2_m,1862,832,896,0.092276,96.9,0.031994,98.4
10_go_large,ud-iq2_m,1862,896,960,0.153068,93.8,0.168209,92.2
10_go_large,ud-iq2_m,1862,960,1024,0.582942,84.4,0.496187,82.8
10_go_large,ud-iq2_m,1862,1024,1088,0.328137,85.9,0.297501,87.5
10_go_large,ud-iq2_m,1862,1088,1152,0.143617,89.1,0.161608,92.2
10_go_large,ud-iq2_m,1862,1152,1216,0.156777,96.9,0.152354,95.3
10_go_large,ud-iq2_m,1862,1216,1280,0.077564,96.9,0.089652,96.9
10_go_large,ud-iq2_m,1862,1280,1344,0.414700,85.9,0.339665,87.5
10_go_large,ud-iq2_m,1862,1344,1408,0.467745,81.2,0.445463,78.1
10_go_large,ud-iq2_m,1862,1408,1472,0.418565,89.1,0.405126,85.9
10_go_large,ud-iq2_m,1862,1472,1536,0.072177,93.8,0.078997,96.9
10_go_large,ud-iq2_m,1862,1536,1600,0.087433,93.8,0.056651,96.9
10_go_large,ud-iq2_m,1862,1600,1664,0.204898,90.6,0.193032,90.6
10_go_large,ud-iq2_m,1862,1664,1728,0.190102,93.8,0.140721,95.3
10_go_large,ud-iq2_m,1862,1728,1792,0.199461,87.5,0.277299,89.1
10_go_large,ud-iq2_m,1862,1792,1856,0.158926,93.8,0.135956,93.8
10_go_large,ud-iq2_m,1862,1856,1920,0.360498,87.5,0.341609,84.4
10_go_large,ud-iq2_m,1862,1920,1984,0.423176,89.1,0.393700,84.4
10_go_large,ud-iq2_m,1862,1984,2048,0.344370,93.8,0.350965,92.2
11_typescript_large,ud-iq2_m,2231,0,64,0.026750,98.4,0.026418,95.3
11_typescript_large,ud-iq2_m,2231,64,128,0.107654,95.3,0.153764,93.8
11_typescript_large,ud-iq2_m,2231,128,192,0.052387,98.4,0.025053,100.0
11_typescript_large,ud-iq2_m,2231,192,256,0.294681,90.6,0.178052,90.6
11_typescript_large,ud-iq2_m,2231,256,320,0.388043,87.5,0.259388,90.6
11_typescript_large,ud-iq2_m,2231,320,384,0.511257,82.8,0.443513,87.5
11_typescript_large,ud-iq2_m,2231,384,448,0.160755,96.9,0.133362,95.3
11_typescript_large,ud-iq2_m,2231,448,512,0.156201,95.3,0.174368,95.3
11_typescript_large,ud-iq2_m,2231,512,576,0.191515,89.1,0.172186,92.2
11_typescript_large,ud-iq2_m,2231,576,640,0.384859,89.1,0.347264,90.6
11_typescript_large,ud-iq2_m,2231,640,704,0.108444,95.3,0.047234,98.4
11_typescript_large,ud-iq2_m,2231,704,768,0.138930,92.2,0.126345,93.8
11_typescript_large,ud-iq2_m,2231,768,832,0.288569,87.5,0.285497,89.1
11_typescript_large,ud-iq2_m,2231,832,896,0.339248,89.1,0.439561,90.6
11_typescript_large,ud-iq2_m,2231,896,960,0.174920,96.9,0.159134,96.9
11_typescript_large,ud-iq2_m,2231,960,1024,0.228130,89.1,0.114343,95.3
11_typescript_large,ud-iq2_m,2231,1024,1088,0.062978,98.4,0.081146,96.9
11_typescript_large,ud-iq2_m,2231,1088,1152,0.245217,90.6,0.323578,92.2
11_typescript_large,ud-iq2_m,2231,1152,1216,0.381075,85.9,0.434815,82.8
11_typescript_large,ud-iq2_m,2231,1216,1280,0.497713,79.7,0.536796,82.8
11_typescript_large,ud-iq2_m,2231,1280,1344,0.236313,93.8,0.230471,93.8
11_typescript_large,ud-iq2_m,2231,1344,1408,0.078302,95.3,0.104427,95.3
11_typescript_large,ud-iq2_m,2231,1408,1472,0.214883,90.6,0.170485,90.6
11_typescript_large,ud-iq2_m,2231,1472,1536,0.260038,89.1,0.139647,92.2
11_typescript_large,ud-iq2_m,2231,1536,1600,0.043848,95.3,0.031072,98.4
11_typescript_large,ud-iq2_m,2231,1600,1664,0.120268,90.6,0.104931,90.6
11_typescript_large,ud-iq2_m,2231,1664,1728,0.171903,90.6,0.153687,90.6
11_typescript_large,ud-iq2_m,2231,1728,1792,0.158594,95.3,0.167128,95.3
11_typescript_large,ud-iq2_m,2231,1792,1856,0.143304,92.2,0.156491,95.3
11_typescript_large,ud-iq2_m,2231,1856,1920,0.037575,100.0,0.030875,100.0
11_typescript_large,ud-iq2_m,2231,1920,1984,0.573500,79.7,0.614889,78.1
11_typescript_large,ud-iq2_m,2231,1984,2048,0.178198,95.3,0.169761,92.2
12_rust_large,ud-iq2_m,2015,0,64,0.170511,95.3,0.079334,92.2
12_rust_large,ud-iq2_m,2015,64,128,0.101891,98.4,0.115418,96.9
12_rust_large,ud-iq2_m,2015,128,192,0.089844,93.8,0.056670,96.9
12_rust_large,ud-iq2_m,2015,192,256,0.159188,98.4,0.095123,95.3
12_rust_large,ud-iq2_m,2015,256,320,0.163539,95.3,0.150614,95.3
12_rust_large,ud-iq2_m,2015,320,384,0.113998,95.3,0.109106,96.9
12_rust_large,ud-iq2_m,2015,384,448,0.134979,96.9,0.027515,98.4
12_rust_large,ud-iq2_m,2015,448,512,0.296896,87.5,0.399170,89.1
12_rust_large,ud-iq2_m,2015,512,576,0.179101,95.3,0.182848,93.8
12_rust_large,ud-iq2_m,2015,576,640,0.272755,89.1,0.346333,92.2
12_rust_large,ud-iq2_m,2015,640,704,0.162008,93.8,0.163962,93.8
12_rust_large,ud-iq2_m,2015,704,768,0.099544,96.9,0.120632,93.8
12_rust_large,ud-iq2_m,2015,768,832,0.300569,89.1,0.229952,90.6
12_rust_large,ud-iq2_m,2015,832,896,0.082383,96.9,0.031055,98.4
12_rust_large,ud-iq2_m,2015,896,960,0.369344,92.2,0.307809,90.6
12_rust_large,ud-iq2_m,2015,960,1024,0.186223,92.2,0.157177,93.8
12_rust_large,ud-iq2_m,2015,1024,1088,0.320520,90.6,0.286256,90.6
12_rust_large,ud-iq2_m,2015,1088,1152,0.061903,95.3,0.074931,93.8
12_rust_large,ud-iq2_m,2015,1152,1216,0.212508,90.6,0.159759,90.6
12_rust_large,ud-iq2_m,2015,1216,1280,0.194144,96.9,0.202608,90.6
12_rust_large,ud-iq2_m,2015,1280,1344,0.075748,96.9,0.062735,96.9
12_rust_large,ud-iq2_m,2015,1344,1408,0.171433,92.2,0.158168,92.2
12_rust_large,ud-iq2_m,2015,1408,1472,0.434427,89.1,0.335729,95.3
12_rust_large,ud-iq2_m,2015,1472,1536,0.318801,92.2,0.342032,92.2
12_rust_large,ud-iq2_m,2015,1536,1600,0.086595,96.9,0.055364,95.3
12_rust_large,ud-iq2_m,2015,1600,1664,0.156089,93.8,0.171664,93.8
12_rust_large,ud-iq2_m,2015,1664,1728,0.402156,84.4,0.424404,79.7
12_rust_large,ud-iq2_m,2015,1728,1792,0.133331,92.2,0.162729,93.8
12_rust_large,ud-iq2_m,2015,1792,1856,0.126531,96.9,0.112736,96.9
12_rust_large,ud-iq2_m,2015,1856,1920,0.172180,93.8,0.158109,93.8
12_rust_large,ud-iq2_m,2015,1920,1984,0.205841,90.6,0.209347,90.6
12_rust_large,ud-iq2_m,2015,1984,2048,0.297013,85.9,0.212764,85.9
13_python_xlarge,ud-iq2_m,7809,0,64,0.235804,90.6,0.219564,92.2
13_python_xlarge,ud-iq2_m,7809,64,128,0.091283,95.3,0.076576,96.9
13_python_xlarge,ud-iq2_m,7809,128,192,0.430089,84.4,0.469887,87.5
13_python_xlarge,ud-iq2_m,7809,192,256,0.385675,90.6,0.408772,92.2
13_python_xlarge,ud-iq2_m,7809,256,320,0.119520,93.8,0.150556,96.9
13_python_xlarge,ud-iq2_m,7809,320,384,0.008760,100.0,0.014833,100.0
13_python_xlarge,ud-iq2_m,7809,384,448,0.060118,100.0,0.080743,98.4
13_python_xlarge,ud-iq2_m,7809,448,512,0.215282,93.8,0.247216,92.2
13_python_xlarge,ud-iq2_m,7809,512,576,0.486506,89.1,0.507084,87.5
13_python_xlarge,ud-iq2_m,7809,576,640,0.523568,90.6,0.528253,92.2
13_python_xlarge,ud-iq2_m,7809,640,704,0.407529,87.5,0.413217,87.5
13_python_xlarge,ud-iq2_m,7809,704,768,0.089080,95.3,0.078456,95.3
13_python_xlarge,ud-iq2_m,7809,768,832,0.491256,87.5,0.456250,85.9
13_python_xlarge,ud-iq2_m,7809,832,896,0.269575,90.6,0.231783,92.2
13_python_xlarge,ud-iq2_m,7809,896,960,0.060220,98.4,0.042859,98.4
13_python_xlarge,ud-iq2_m,7809,960,1024,0.164595,93.8,0.113794,93.8
13_python_xlarge,ud-iq2_m,7809,1024,1088,0.371050,89.1,0.362352,89.1
13_python_xlarge,ud-iq2_m,7809,1088,1152,0.157806,95.3,0.225395,93.8
13_python_xlarge,ud-iq2_m,7809,1152,1216,0.385537,90.6,0.426177,89.1
13_python_xlarge,ud-iq2_m,7809,1216,1280,0.184348,93.8,0.210418,90.6
13_python_xlarge,ud-iq2_m,7809,1280,1344,0.091529,96.9,0.077628,96.9
13_python_xlarge,ud-iq2_m,7809,1344,1408,0.226129,93.8,0.203234,92.2
13_python_xlarge,ud-iq2_m,7809,1408,1472,0.103584,96.9,0.183856,92.2
13_python_xlarge,ud-iq2_m,7809,1472,1536,0.180472,93.8,0.165936,92.2
13_python_xlarge,ud-iq2_m,7809,1536,1600,0.347570,93.8,0.309919,90.6
13_python_xlarge,ud-iq2_m,7809,1600,1664,0.089122,95.3,0.059525,95.3
13_python_xlarge,ud-iq2_m,7809,1664,1728,0.190089,93.8,0.178230,95.3
13_python_xlarge,ud-iq2_m,7809,1728,1792,0.056169,98.4,0.083501,98.4
13_python_xlarge,ud-iq2_m,7809,1792,1856,0.013601,98.4,0.038580,96.9
13_python_xlarge,ud-iq2_m,7809,1856,1920,0.454356,90.6,0.421590,89.1
13_python_xlarge,ud-iq2_m,7809,1920,1984,0.074520,95.3,0.049745,95.3
13_python_xlarge,ud-iq2_m,7809,1984,2048,0.176180,96.9,0.150649,95.3
14_go_xlarge,ud-iq2_m,7902,0,64,0.051724,96.9,0.038983,98.4
14_go_xlarge,ud-iq2_m,7902,64,128,0.046809,96.9,0.048710,96.9
14_go_xlarge,ud-iq2_m,7902,128,192,0.093399,96.9,0.086596,95.3
14_go_xlarge,ud-iq2_m,7902,192,256,0.040420,98.4,0.059857,98.4
14_go_xlarge,ud-iq2_m,7902,256,320,0.404918,89.1,0.349541,90.6
14_go_xlarge,ud-iq2_m,7902,320,384,0.296374,90.6,0.339178,89.1
14_go_xlarge,ud-iq2_m,7902,384,448,0.222939,93.8,0.088564,95.3
14_go_xlarge,ud-iq2_m,7902,448,512,0.224383,92.2,0.269966,90.6
14_go_xlarge,ud-iq2_m,7902,512,576,0.353305,87.5,0.193835,87.5
14_go_xlarge,ud-iq2_m,7902,576,640,0.288878,89.1,0.300718,89.1
14_go_xlarge,ud-iq2_m,7902,640,704,0.316951,90.6,0.236021,92.2
14_go_xlarge,ud-iq2_m,7902,704,768,0.247386,93.8,0.279854,95.3
14_go_xlarge,ud-iq2_m,7902,768,832,0.090162,93.8,0.109516,92.2
14_go_xlarge,ud-iq2_m,7902,832,896,0.152334,95.3,0.159055,95.3
14_go_xlarge,ud-iq2_m,7902,896,960,0.204041,93.8,0.136653,96.9
14_go_xlarge,ud-iq2_m,7902,960,1024,0.127965,95.3,0.108970,95.3
14_go_xlarge,ud-iq2_m,7902,1024,1088,0.563903,81.2,0.541538,84.4
14_go_xlarge,ud-iq2_m,7902,1088,1152,0.262395,87.5,0.226588,90.6
14_go_xlarge,ud-iq2_m,7902,1152,1216,0.080857,95.3,0.126324,93.8
14_go_xlarge,ud-iq2_m,7902,1216,1280,0.366346,87.5,0.369372,85.9
14_go_xlarge,ud-iq2_m,7902,1280,1344,0.342725,89.1,0.341687,92.2
14_go_xlarge,ud-iq2_m,7902,1344,1408,0.082615,93.8,0.087335,95.3
14_go_xlarge,ud-iq2_m,7902,1408,1472,0.158609,92.2,0.304980,90.6
14_go_xlarge,ud-iq2_m,7902,1472,1536,0.179907,96.9,0.174902,93.8
14_go_xlarge,ud-iq2_m,7902,1536,1600,0.205548,93.8,0.222365,92.2
14_go_xlarge,ud-iq2_m,7902,1600,1664,0.228548,92.2,0.164123,92.2
14_go_xlarge,ud-iq2_m,7902,1664,1728,0.122087,93.8,0.119427,93.8
14_go_xlarge,ud-iq2_m,7902,1728,1792,0.084381,93.8,0.141130,95.3
14_go_xlarge,ud-iq2_m,7902,1792,1856,0.324143,89.1,0.297689,89.1
14_go_xlarge,ud-iq2_m,7902,1856,1920,0.176702,92.2,0.198392,92.2
14_go_xlarge,ud-iq2_m,7902,1920,1984,0.149226,90.6,0.211704,85.9
14_go_xlarge,ud-iq2_m,7902,1984,2048,0.120046,92.2,0.090569,93.8
01_python_bug,ud-iq3_xss,292,0,64,0.030490,98.4,0.038645,98.4
01_python_bug,ud-iq3_xss,292,64,128,0.025834,96.9,0.013959,96.9
01_python_bug,ud-iq3_xss,292,128,192,0.034346,98.4,0.041226,98.4
01_python_bug,ud-iq3_xss,292,192,256,0.097217,92.2,0.080412,93.8
01_python_bug,ud-iq3_xss,292,256,320,0.016638,98.4,0.010880,96.9
01_python_bug,ud-iq3_xss,292,320,384,0.048429,93.8,0.049142,93.8
01_python_bug,ud-iq3_xss,292,384,448,0.056577,96.9,0.052419,98.4
01_python_bug,ud-iq3_xss,292,448,512,0.042883,96.9,0.042484,95.3
01_python_bug,ud-iq3_xss,292,512,576,0.006406,100.0,0.008386,100.0
01_python_bug,ud-iq3_xss,292,576,640,0.080045,93.8,0.105801,93.8
01_python_bug,ud-iq3_xss,292,640,704,0.000000,100.0,0.000000,100.0
01_python_bug,ud-iq3_xss,292,704,768,0.056599,96.9,0.038787,95.3
01_python_bug,ud-iq3_xss,292,768,832,0.019270,98.4,0.007139,100.0
01_python_bug,ud-iq3_xss,292,832,896,0.090812,93.8,0.106466,95.3
01_python_bug,ud-iq3_xss,292,896,960,0.009858,100.0,0.013577,100.0
01_python_bug,ud-iq3_xss,292,960,963,0.189478,66.7,0.349726,66.7
02_rust_explain,ud-iq3_xss,506,0,64,0.080766,98.4,0.076219,98.4
02_rust_explain,ud-iq3_xss,506,64,128,0.035626,98.4,0.045312,95.3
02_rust_explain,ud-iq3_xss,506,128,192,0.008059,100.0,0.007084,100.0
02_rust_explain,ud-iq3_xss,506,192,256,0.046914,95.3,0.030870,98.4
02_rust_explain,ud-iq3_xss,506,256,320,0.012954,98.4,0.015816,98.4
02_rust_explain,ud-iq3_xss,506,320,384,0.079969,95.3,0.043762,96.9
02_rust_explain,ud-iq3_xss,506,384,448,0.046287,96.9,0.048320,96.9
02_rust_explain,ud-iq3_xss,506,448,512,0.022212,100.0,0.007499,100.0
02_rust_explain,ud-iq3_xss,506,512,576,0.012043,98.4,0.015564,98.4
02_rust_explain,ud-iq3_xss,506,576,640,0.004651,100.0,0.021832,98.4
02_rust_explain,ud-iq3_xss,506,640,704,0.028608,100.0,0.045146,98.4
02_rust_explain,ud-iq3_xss,506,704,768,0.028794,98.4,0.020245,98.4
02_rust_explain,ud-iq3_xss,506,768,832,0.005640,100.0,0.005222,100.0
02_rust_explain,ud-iq3_xss,506,832,896,0.017118,98.4,0.004605,100.0
02_rust_explain,ud-iq3_xss,506,896,960,0.022317,100.0,0.037933,96.9
02_rust_explain,ud-iq3_xss,506,960,1024,0.009534,100.0,0.016611,100.0
02_rust_explain,ud-iq3_xss,506,1024,1088,0.117524,95.3,0.075145,100.0
02_rust_explain,ud-iq3_xss,506,1088,1152,0.016221,98.4,0.015982,98.4
02_rust_explain,ud-iq3_xss,506,1152,1216,0.132616,95.3,0.150005,92.2
02_rust_explain,ud-iq3_xss,506,1216,1280,0.027397,96.9,0.005369,96.9
02_rust_explain,ud-iq3_xss,506,1280,1344,0.103258,96.9,0.072987,93.8
02_rust_explain,ud-iq3_xss,506,1344,1408,0.082335,95.3,0.057836,96.9
02_rust_explain,ud-iq3_xss,506,1408,1472,0.005256,100.0,0.004518,100.0
02_rust_explain,ud-iq3_xss,506,1472,1536,0.112738,93.8,0.085917,93.8
02_rust_explain,ud-iq3_xss,506,1536,1556,0.063826,95.0,0.208763,90.0
03_go_bug,ud-iq3_xss,329,0,64,0.036020,98.4,0.028401,100.0
03_go_bug,ud-iq3_xss,329,64,128,0.056172,96.9,0.076216,96.9
03_go_bug,ud-iq3_xss,329,128,192,0.044478,96.9,0.066862,96.9
03_go_bug,ud-iq3_xss,329,192,256,0.185985,93.8,0.180008,89.1
03_go_bug,ud-iq3_xss,329,256,320,0.125874,92.2,0.188559,92.2
03_go_bug,ud-iq3_xss,329,320,384,0.000785,100.0,0.000598,100.0
03_go_bug,ud-iq3_xss,329,384,448,0.094852,93.8,0.121723,93.8
03_go_bug,ud-iq3_xss,329,448,512,0.107798,90.6,0.166052,90.6
03_go_bug,ud-iq3_xss,329,512,576,0.156111,89.1,0.083161,89.1
03_go_bug,ud-iq3_xss,329,576,640,0.050698,95.3,0.039328,96.9
03_go_bug,ud-iq3_xss,329,640,704,0.042242,95.3,0.042304,95.3
03_go_bug,ud-iq3_xss,329,704,768,0.040602,93.8,0.070107,92.2
03_go_bug,ud-iq3_xss,329,768,832,0.001075,100.0,0.000811,100.0
03_go_bug,ud-iq3_xss,329,832,896,0.000210,100.0,0.000228,100.0
03_go_bug,ud-iq3_xss,329,896,960,0.005452,100.0,0.003698,100.0
03_go_bug,ud-iq3_xss,329,960,1024,0.002562,98.4,0.002618,98.4
03_go_bug,ud-iq3_xss,329,1024,1088,0.012309,96.9,0.008875,96.9
03_go_bug,ud-iq3_xss,329,1088,1152,0.000717,98.4,0.014443,98.4
03_go_bug,ud-iq3_xss,329,1152,1216,0.009207,98.4,0.008375,98.4
03_go_bug,ud-iq3_xss,329,1216,1280,0.053417,98.4,0.054565,98.4
03_go_bug,ud-iq3_xss,329,1280,1344,0.011301,98.4,0.026219,98.4
03_go_bug,ud-iq3_xss,329,1344,1408,0.000000,100.0,0.000000,100.0
03_go_bug,ud-iq3_xss,329,1408,1472,0.000000,100.0,0.000000,100.0
03_go_bug,ud-iq3_xss,329,1472,1536,0.004504,100.0,0.027657,96.9
03_go_bug,ud-iq3_xss,329,1536,1600,0.081941,93.8,0.084272,90.6
03_go_bug,ud-iq3_xss,329,1600,1664,0.224162,84.4,0.220843,84.4
03_go_bug,ud-iq3_xss,329,1664,1721,0.047431,98.2,0.043542,98.2
04_cpp_explain,ud-iq3_xss,751,0,64,0.160110,92.2,0.123136,90.6
04_cpp_explain,ud-iq3_xss,751,64,128,0.104568,95.3,0.111860,95.3
04_cpp_explain,ud-iq3_xss,751,128,192,0.082224,95.3,0.111517,92.2
04_cpp_explain,ud-iq3_xss,751,192,256,0.088804,96.9,0.115253,96.9
04_cpp_explain,ud-iq3_xss,751,256,320,0.071111,96.9,0.043316,96.9
04_cpp_explain,ud-iq3_xss,751,320,384,0.028403,98.4,0.051450,96.9
04_cpp_explain,ud-iq3_xss,751,384,448,0.057702,96.9,0.024871,98.4
04_cpp_explain,ud-iq3_xss,751,448,512,0.099479,96.9,0.086232,96.9
04_cpp_explain,ud-iq3_xss,751,512,576,0.089667,93.8,0.088708,95.3
04_cpp_explain,ud-iq3_xss,751,576,640,0.054038,98.4,0.046895,98.4
04_cpp_explain,ud-iq3_xss,751,640,704,0.091044,98.4,0.075535,98.4
04_cpp_explain,ud-iq3_xss,751,704,768,0.052546,98.4,0.037765,98.4
04_cpp_explain,ud-iq3_xss,751,768,832,0.120469,93.8,0.082510,95.3
04_cpp_explain,ud-iq3_xss,751,832,896,0.113889,90.6,0.094817,90.6
04_cpp_explain,ud-iq3_xss,751,896,960,0.084167,90.6,0.096358,92.2
04_cpp_explain,ud-iq3_xss,751,960,1024,0.057307,96.9,0.021741,98.4
04_cpp_explain,ud-iq3_xss,751,1024,1088,0.120866,89.1,0.066444,92.2
04_cpp_explain,ud-iq3_xss,751,1088,1152,0.017094,100.0,0.016910,100.0
04_cpp_explain,ud-iq3_xss,751,1152,1216,0.075941,90.6,0.157072,90.6
04_cpp_explain,ud-iq3_xss,751,1216,1253,0.106108,91.9,0.154029,91.9
05_js_bug,ud-iq3_xss,498,0,64,0.066151,93.8,0.038039,96.9
05_js_bug,ud-iq3_xss,498,64,128,0.103260,92.2,0.119540,90.6
05_js_bug,ud-iq3_xss,498,128,192,0.123316,93.8,0.169674,92.2
05_js_bug,ud-iq3_xss,498,192,256,0.173584,92.2,0.121062,98.4
05_js_bug,ud-iq3_xss,498,256,320,0.115398,95.3,0.073584,95.3
05_js_bug,ud-iq3_xss,498,320,384,0.099190,93.8,0.079711,95.3
05_js_bug,ud-iq3_xss,498,384,448,0.125379,92.2,0.133630,89.1
05_js_bug,ud-iq3_xss,498,448,512,0.147460,92.2,0.092266,93.8
05_js_bug,ud-iq3_xss,498,512,576,0.144805,95.3,0.174107,95.3
05_js_bug,ud-iq3_xss,498,576,640,0.072692,93.8,0.082962,92.2
05_js_bug,ud-iq3_xss,498,640,704,0.034597,96.9,0.022146,98.4
05_js_bug,ud-iq3_xss,498,704,768,0.045451,96.9,0.049102,98.4
05_js_bug,ud-iq3_xss,498,768,832,0.015450,98.4,0.022770,98.4
05_js_bug,ud-iq3_xss,498,832,896,0.063784,96.9,0.101994,93.8
05_js_bug,ud-iq3_xss,498,896,960,0.008855,100.0,0.003847,100.0
05_js_bug,ud-iq3_xss,498,960,1024,0.032419,98.4,0.029168,98.4
05_js_bug,ud-iq3_xss,498,1024,1088,0.006115,98.4,0.005248,100.0
05_js_bug,ud-iq3_xss,498,1088,1152,0.011392,100.0,0.026086,98.4
05_js_bug,ud-iq3_xss,498,1152,1216,0.100638,93.8,0.065743,96.9
05_js_bug,ud-iq3_xss,498,1216,1280,0.031775,98.4,0.038602,96.9
05_js_bug,ud-iq3_xss,498,1280,1344,0.040579,96.9,0.032881,98.4
05_js_bug,ud-iq3_xss,498,1344,1408,0.034562,96.9,0.051929,96.9
05_js_bug,ud-iq3_xss,498,1408,1472,0.049415,98.4,0.079781,96.9
05_js_bug,ud-iq3_xss,498,1472,1536,0.002040,100.0,0.002668,100.0
05_js_bug,ud-iq3_xss,498,1536,1600,0.022180,100.0,0.024712,100.0
05_js_bug,ud-iq3_xss,498,1600,1664,0.010566,100.0,0.004847,100.0
05_js_bug,ud-iq3_xss,498,1664,1728,0.037834,95.3,0.059838,95.3
05_js_bug,ud-iq3_xss,498,1728,1734,0.000098,100.0,0.000088,100.0
06_python_explain,ud-iq3_xss,506,0,64,0.021353,98.4,0.012381,98.4
06_python_explain,ud-iq3_xss,506,64,128,0.040804,98.4,0.018310,98.4
06_python_explain,ud-iq3_xss,506,128,192,0.021030,96.9,0.008846,95.3
06_python_explain,ud-iq3_xss,506,192,256,0.148688,92.2,0.127502,95.3
06_python_explain,ud-iq3_xss,506,256,320,0.043018,96.9,0.044268,96.9
06_python_explain,ud-iq3_xss,506,320,384,0.079577,98.4,0.114892,95.3
06_python_explain,ud-iq3_xss,506,384,448,0.045557,98.4,0.064066,96.9
06_python_explain,ud-iq3_xss,506,448,512,0.080456,95.3,0.150896,93.8
06_python_explain,ud-iq3_xss,506,512,576,0.008455,98.4,0.015604,98.4
06_python_explain,ud-iq3_xss,506,576,640,0.014193,98.4,0.016056,98.4
06_python_explain,ud-iq3_xss,506,640,704,0.050377,96.9,0.039744,98.4
06_python_explain,ud-iq3_xss,506,704,768,0.014119,98.4,0.030217,95.3
06_python_explain,ud-iq3_xss,506,768,832,0.068992,96.9,0.030937,98.4
06_python_explain,ud-iq3_xss,506,832,896,0.014717,100.0,0.034522,96.9
06_python_explain,ud-iq3_xss,506,896,960,0.048171,95.3,0.056355,96.9
06_python_explain,ud-iq3_xss,506,960,1024,0.093402,96.9,0.064983,96.9
06_python_explain,ud-iq3_xss,506,1024,1088,0.049054,92.2,0.071303,95.3
06_python_explain,ud-iq3_xss,506,1088,1152,0.187469,92.2,0.243751,92.2
06_python_explain,ud-iq3_xss,506,1152,1216,0.018529,98.4,0.032013,98.4
06_python_explain,ud-iq3_xss,506,1216,1280,0.063734,96.9,0.108229,96.9
06_python_explain,ud-iq3_xss,506,1280,1344,0.045748,96.9,0.024318,96.9
06_python_explain,ud-iq3_xss,506,1344,1408,0.056462,96.9,0.057027,96.9
06_python_explain,ud-iq3_xss,506,1408,1432,0.077064,87.5,0.072203,87.5
07_c_bug,ud-iq3_xss,677,0,64,0.009825,100.0,0.010690,100.0
07_c_bug,ud-iq3_xss,677,64,128,0.016828,98.4,0.024173,100.0
07_c_bug,ud-iq3_xss,677,128,192,0.039976,93.8,0.023273,96.9
07_c_bug,ud-iq3_xss,677,192,256,0.047744,93.8,0.037543,96.9
07_c_bug,ud-iq3_xss,677,256,320,0.058437,96.9,0.072899,95.3
07_c_bug,ud-iq3_xss,677,320,384,0.146817,85.9,0.125737,87.5
07_c_bug,ud-iq3_xss,677,384,448,0.029715,96.9,0.050299,95.3
07_c_bug,ud-iq3_xss,677,448,512,0.046048,96.9,0.046236,98.4
07_c_bug,ud-iq3_xss,677,512,576,0.012014,100.0,0.017397,100.0
07_c_bug,ud-iq3_xss,677,576,640,0.006006,98.4,0.011710,98.4
07_c_bug,ud-iq3_xss,677,640,704,0.007181,100.0,0.014201,100.0
07_c_bug,ud-iq3_xss,677,704,768,0.040320,98.4,0.019713,98.4
07_c_bug,ud-iq3_xss,677,768,832,0.000000,100.0,0.000000,100.0
07_c_bug,ud-iq3_xss,677,832,896,0.027128,98.4,0.034514,98.4
07_c_bug,ud-iq3_xss,677,896,960,0.001456,100.0,0.002292,100.0
07_c_bug,ud-iq3_xss,677,960,1024,0.025704,98.4,0.023454,100.0
07_c_bug,ud-iq3_xss,677,1024,1088,0.019581,98.4,0.018483,100.0
07_c_bug,ud-iq3_xss,677,1088,1152,0.047961,95.3,0.066471,95.3
07_c_bug,ud-iq3_xss,677,1152,1216,0.030962,98.4,0.039722,98.4
07_c_bug,ud-iq3_xss,677,1216,1262,0.066926,91.3,0.075640,93.5
08_java_explain,ud-iq3_xss,754,0,64,0.102222,95.3,0.087382,95.3
08_java_explain,ud-iq3_xss,754,64,128,0.111471,98.4,0.078313,96.9
08_java_explain,ud-iq3_xss,754,128,192,0.032843,98.4,0.024460,98.4
08_java_explain,ud-iq3_xss,754,192,256,0.011658,100.0,0.018402,100.0
08_java_explain,ud-iq3_xss,754,256,320,0.139624,89.1,0.098815,93.8
08_java_explain,ud-iq3_xss,754,320,384,0.052718,98.4,0.031854,98.4
08_java_explain,ud-iq3_xss,754,384,448,0.010180,98.4,0.021228,98.4
08_java_explain,ud-iq3_xss,754,448,512,0.002113,100.0,0.011404,100.0
08_java_explain,ud-iq3_xss,754,512,576,0.035979,98.4,0.028359,98.4
08_java_explain,ud-iq3_xss,754,576,640,0.089535,95.3,0.067654,93.8
08_java_explain,ud-iq3_xss,754,640,704,0.031264,98.4,0.035747,98.4
08_java_explain,ud-iq3_xss,754,704,768,0.069640,98.4,0.089888,98.4
08_java_explain,ud-iq3_xss,754,768,832,0.143831,95.3,0.124621,95.3
08_java_explain,ud-iq3_xss,754,832,896,0.094390,96.9,0.119046,95.3
08_java_explain,ud-iq3_xss,754,896,960,0.070808,96.9,0.085393,95.3
08_java_explain,ud-iq3_xss,754,960,1024,0.016861,96.9,0.043939,96.9
08_java_explain,ud-iq3_xss,754,1024,1088,0.000180,100.0,0.006365,98.4
08_java_explain,ud-iq3_xss,754,1088,1152,0.060174,98.4,0.063232,98.4
08_java_explain,ud-iq3_xss,754,1152,1191,0.139300,94.9,0.184965,94.9
09_python_large,ud-iq3_xss,2123,0,64,0.009642,96.9,0.017101,98.4
09_python_large,ud-iq3_xss,2123,64,128,0.046487,92.2,0.029590,93.8
09_python_large,ud-iq3_xss,2123,128,192,0.006637,100.0,0.011828,100.0
09_python_large,ud-iq3_xss,2123,192,256,0.047645,93.8,0.054632,95.3
09_python_large,ud-iq3_xss,2123,256,320,0.079827,96.9,0.059520,98.4
09_python_large,ud-iq3_xss,2123,320,384,0.173346,95.3,0.086757,95.3
09_python_large,ud-iq3_xss,2123,384,448,0.279857,87.5,0.179545,90.6
09_python_large,ud-iq3_xss,2123,448,512,0.001165,100.0,0.003049,100.0
09_python_large,ud-iq3_xss,2123,512,576,0.211767,87.5,0.285464,90.6
09_python_large,ud-iq3_xss,2123,576,640,0.111991,93.8,0.130902,96.9
09_python_large,ud-iq3_xss,2123,640,704,0.061425,96.9,0.061674,98.4
09_python_large,ud-iq3_xss,2123,704,768,0.165688,95.3,0.103517,96.9
09_python_large,ud-iq3_xss,2123,768,832,0.197745,89.1,0.163925,92.2
09_python_large,ud-iq3_xss,2123,832,896,0.161114,92.2,0.113734,95.3
09_python_large,ud-iq3_xss,2123,896,960,0.012913,96.9,0.021167,98.4
09_python_large,ud-iq3_xss,2123,960,1024,0.164559,95.3,0.192909,90.6
09_python_large,ud-iq3_xss,2123,1024,1088,0.196954,92.2,0.109812,93.8
09_python_large,ud-iq3_xss,2123,1088,1152,0.127016,96.9,0.077654,98.4
09_python_large,ud-iq3_xss,2123,1152,1216,0.281373,89.1,0.360299,89.1
09_python_large,ud-iq3_xss,2123,1216,1280,0.057955,98.4,0.044005,96.9
09_python_large,ud-iq3_xss,2123,1280,1344,0.211521,93.8,0.140992,92.2
09_python_large,ud-iq3_xss,2123,1344,1408,0.053098,93.8,0.070648,95.3
09_python_large,ud-iq3_xss,2123,1408,1472,0.119780,95.3,0.155305,95.3
09_python_large,ud-iq3_xss,2123,1472,1536,0.368937,87.5,0.340979,85.9
09_python_large,ud-iq3_xss,2123,1536,1600,0.060289,93.8,0.067503,95.3
09_python_large,ud-iq3_xss,2123,1600,1664,0.091086,95.3,0.079488,96.9
09_python_large,ud-iq3_xss,2123,1664,1728,0.139064,92.2,0.121638,93.8
09_python_large,ud-iq3_xss,2123,1728,1792,0.064544,98.4,0.034518,98.4
09_python_large,ud-iq3_xss,2123,1792,1856,0.082019,95.3,0.090032,95.3
09_python_large,ud-iq3_xss,2123,1856,1920,0.074882,96.9,0.066587,96.9
09_python_large,ud-iq3_xss,2123,1920,1984,0.048130,98.4,0.059341,96.9
09_python_large,ud-iq3_xss,2123,1984,2048,0.130498,89.1,0.131578,89.1
10_go_large,ud-iq3_xss,1862,0,64,0.001407,100.0,0.006012,100.0
10_go_large,ud-iq3_xss,1862,64,128,0.029948,98.4,0.024075,96.9
10_go_large,ud-iq3_xss,1862,128,192,0.050846,96.9,0.027271,98.4
10_go_large,ud-iq3_xss,1862,192,256,0.178341,90.6,0.108861,93.8
10_go_large,ud-iq3_xss,1862,256,320,0.067669,96.9,0.089688,93.8
10_go_large,ud-iq3_xss,1862,320,384,0.101058,95.3,0.074694,93.8
10_go_large,ud-iq3_xss,1862,384,448,0.063787,98.4,0.090674,95.3
10_go_large,ud-iq3_xss,1862,448,512,0.178129,89.1,0.137888,87.5
10_go_large,ud-iq3_xss,1862,512,576,0.138215,93.8,0.200503,90.6
10_go_large,ud-iq3_xss,1862,576,640,0.246690,89.1,0.137143,90.6
10_go_large,ud-iq3_xss,1862,640,704,0.062537,95.3,0.074300,96.9
10_go_large,ud-iq3_xss,1862,704,768,0.064267,93.8,0.115965,93.8
10_go_large,ud-iq3_xss,1862,768,832,0.056483,95.3,0.079206,96.9
10_go_large,ud-iq3_xss,1862,832,896,0.019309,100.0,0.021462,96.9
10_go_large,ud-iq3_xss,1862,896,960,0.093371,95.3,0.100048,95.3
10_go_large,ud-iq3_xss,1862,960,1024,0.551303,82.8,0.579404,81.2
10_go_large,ud-iq3_xss,1862,1024,1088,0.393348,87.5,0.305559,87.5
10_go_large,ud-iq3_xss,1862,1088,1152,0.225806,92.2,0.138574,92.2
10_go_large,ud-iq3_xss,1862,1152,1216,0.219091,95.3,0.233165,96.9
10_go_large,ud-iq3_xss,1862,1216,1280,0.034959,98.4,0.053509,98.4
10_go_large,ud-iq3_xss,1862,1280,1344,0.110918,93.8,0.094962,95.3
10_go_large,ud-iq3_xss,1862,1344,1408,0.117863,92.2,0.117445,89.1
10_go_large,ud-iq3_xss,1862,1408,1472,0.179999,92.2,0.119028,93.8
10_go_large,ud-iq3_xss,1862,1472,1536,0.065161,96.9,0.025232,100.0
10_go_large,ud-iq3_xss,1862,1536,1600,0.139665,95.3,0.113692,93.8
10_go_large,ud-iq3_xss,1862,1600,1664,0.128168,92.2,0.178232,92.2
10_go_large,ud-iq3_xss,1862,1664,1728,0.039266,98.4,0.055366,100.0
10_go_large,ud-iq3_xss,1862,1728,1792,0.119418,96.9,0.065778,96.9
10_go_large,ud-iq3_xss,1862,1792,1856,0.037407,98.4,0.044253,98.4
10_go_large,ud-iq3_xss,1862,1856,1920,0.230469,93.8,0.217625,93.8
10_go_large,ud-iq3_xss,1862,1920,1984,0.235387,87.5,0.196192,89.1
10_go_large,ud-iq3_xss,1862,1984,2048,0.094521,95.3,0.135483,93.8
11_typescript_large,ud-iq3_xss,2231,0,64,0.014305,100.0,0.011662,100.0
11_typescript_large,ud-iq3_xss,2231,64,128,0.053746,98.4,0.047170,96.9
11_typescript_large,ud-iq3_xss,2231,128,192,0.047477,93.8,0.088108,93.8
11_typescript_large,ud-iq3_xss,2231,192,256,0.148702,90.6,0.182056,85.9
11_typescript_large,ud-iq3_xss,2231,256,320,0.145720,93.8,0.137057,95.3
11_typescript_large,ud-iq3_xss,2231,320,384,0.317084,84.4,0.239584,89.1
11_typescript_large,ud-iq3_xss,2231,384,448,0.055362,96.9,0.064144,96.9
11_typescript_large,ud-iq3_xss,2231,448,512,0.068258,96.9,0.115696,93.8
11_typescript_large,ud-iq3_xss,2231,512,576,0.077956,93.8,0.071906,93.8
11_typescript_large,ud-iq3_xss,2231,576,640,0.263767,89.1,0.342996,89.1
11_typescript_large,ud-iq3_xss,2231,640,704,0.186980,93.8,0.085908,95.3
11_typescript_large,ud-iq3_xss,2231,704,768,0.229681,92.2,0.211309,90.6
11_typescript_large,ud-iq3_xss,2231,768,832,0.191782,90.6,0.068300,95.3
11_typescript_large,ud-iq3_xss,2231,832,896,0.379583,89.1,0.227111,85.9
11_typescript_large,ud-iq3_xss,2231,896,960,0.113640,93.8,0.129681,93.8
11_typescript_large,ud-iq3_xss,2231,960,1024,0.043865,98.4,0.045013,95.3
11_typescript_large,ud-iq3_xss,2231,1024,1088,0.059815,95.3,0.046785,98.4
11_typescript_large,ud-iq3_xss,2231,1088,1152,0.115584,92.2,0.246368,90.6
11_typescript_large,ud-iq3_xss,2231,1152,1216,0.179765,93.8,0.183267,90.6
11_typescript_large,ud-iq3_xss,2231,1216,1280,0.233189,93.8,0.216255,90.6
11_typescript_large,ud-iq3_xss,2231,1280,1344,0.072170,93.8,0.047446,96.9
11_typescript_large,ud-iq3_xss,2231,1344,1408,0.299733,90.6,0.232828,92.2
11_typescript_large,ud-iq3_xss,2231,1408,1472,0.220306,96.9,0.142399,95.3
11_typescript_large,ud-iq3_xss,2231,1472,1536,0.258838,95.3,0.231530,92.2
11_typescript_large,ud-iq3_xss,2231,1536,1600,0.029712,96.9,0.017758,98.4
11_typescript_large,ud-iq3_xss,2231,1600,1664,0.105691,90.6,0.124229,95.3
11_typescript_large,ud-iq3_xss,2231,1664,1728,0.226627,90.6,0.167253,90.6
11_typescript_large,ud-iq3_xss,2231,1728,1792,0.040442,96.9,0.043575,96.9
11_typescript_large,ud-iq3_xss,2231,1792,1856,0.063857,95.3,0.095762,89.1
11_typescript_large,ud-iq3_xss,2231,1856,1920,0.085512,96.9,0.091405,95.3
11_typescript_large,ud-iq3_xss,2231,1920,1984,0.451627,85.9,0.375672,85.9
11_typescript_large,ud-iq3_xss,2231,1984,2048,0.107987,93.8,0.111895,93.8
12_rust_large,ud-iq3_xss,2015,0,64,0.027650,96.9,0.018080,98.4
12_rust_large,ud-iq3_xss,2015,64,128,0.130327,96.9,0.085352,96.9
12_rust_large,ud-iq3_xss,2015,128,192,0.069247,93.8,0.054415,95.3
12_rust_large,ud-iq3_xss,2015,192,256,0.052400,95.3,0.099381,95.3
12_rust_large,ud-iq3_xss,2015,256,320,0.073152,93.8,0.036042,100.0
12_rust_large,ud-iq3_xss,2015,320,384,0.040595,96.9,0.034015,98.4
12_rust_large,ud-iq3_xss,2015,384,448,0.038276,96.9,0.041565,96.9
12_rust_large,ud-iq3_xss,2015,448,512,0.236717,92.2,0.239835,95.3
12_rust_large,ud-iq3_xss,2015,512,576,0.125090,95.3,0.138158,92.2
12_rust_large,ud-iq3_xss,2015,576,640,0.179354,96.9,0.218211,96.9
12_rust_large,ud-iq3_xss,2015,640,704,0.104412,93.8,0.077051,96.9
12_rust_large,ud-iq3_xss,2015,704,768,0.110574,93.8,0.080156,95.3
12_rust_large,ud-iq3_xss,2015,768,832,0.154777,95.3,0.171831,95.3
12_rust_large,ud-iq3_xss,2015,832,896,0.043518,98.4,0.070406,96.9
12_rust_large,ud-iq3_xss,2015,896,960,0.175007,92.2,0.122796,90.6
12_rust_large,ud-iq3_xss,2015,960,1024,0.088119,96.9,0.101762,96.9
12_rust_large,ud-iq3_xss,2015,1024,1088,0.211782,92.2,0.272220,92.2
12_rust_large,ud-iq3_xss,2015,1088,1152,0.090593,96.9,0.056295,96.9
12_rust_large,ud-iq3_xss,2015,1152,1216,0.158346,90.6,0.147563,92.2
12_rust_large,ud-iq3_xss,2015,1216,1280,0.217686,93.8,0.121058,95.3
12_rust_large,ud-iq3_xss,2015,1280,1344,0.067447,96.9,0.087280,96.9
12_rust_large,ud-iq3_xss,2015,1344,1408,0.113796,96.9,0.134266,93.8
12_rust_large,ud-iq3_xss,2015,1408,1472,0.071564,95.3,0.084521,93.8
12_rust_large,ud-iq3_xss,2015,1472,1536,0.199485,90.6,0.242687,92.2
12_rust_large,ud-iq3_xss,2015,1536,1600,0.138479,92.2,0.192489,92.2
12_rust_large,ud-iq3_xss,2015,1600,1664,0.120137,92.2,0.162366,92.2
12_rust_large,ud-iq3_xss,2015,1664,1728,0.214264,85.9,0.270761,85.9
12_rust_large,ud-iq3_xss,2015,1728,1792,0.073302,96.9,0.068790,96.9
12_rust_large,ud-iq3_xss,2015,1792,1856,0.054459,100.0,0.072227,98.4
12_rust_large,ud-iq3_xss,2015,1856,1920,0.129394,92.2,0.152263,93.8
12_rust_large,ud-iq3_xss,2015,1920,1984,0.175073,93.8,0.129986,93.8
12_rust_large,ud-iq3_xss,2015,1984,2048,0.373962,89.1,0.269181,89.1
13_python_xlarge,ud-iq3_xss,7809,0,64,0.120188,90.6,0.085272,92.2
13_python_xlarge,ud-iq3_xss,7809,64,128,0.161152,92.2,0.105252,93.8
13_python_xlarge,ud-iq3_xss,7809,128,192,0.213966,87.5,0.213823,87.5
13_python_xlarge,ud-iq3_xss,7809,192,256,0.424379,87.5,0.369716,90.6
13_python_xlarge,ud-iq3_xss,7809,256,320,0.101523,96.9,0.116919,98.4
13_python_xlarge,ud-iq3_xss,7809,320,384,0.033477,96.9,0.074980,98.4
13_python_xlarge,ud-iq3_xss,7809,384,448,0.022446,100.0,0.009754,100.0
13_python_xlarge,ud-iq3_xss,7809,448,512,0.179171,90.6,0.164763,89.1
13_python_xlarge,ud-iq3_xss,7809,512,576,0.097853,93.8,0.135190,95.3
13_python_xlarge,ud-iq3_xss,7809,576,640,0.319304,89.1,0.329718,92.2
13_python_xlarge,ud-iq3_xss,7809,640,704,0.105107,93.8,0.130509,90.6
13_python_xlarge,ud-iq3_xss,7809,704,768,0.051504,95.3,0.063398,95.3
13_python_xlarge,ud-iq3_xss,7809,768,832,0.264403,85.9,0.306196,84.4
13_python_xlarge,ud-iq3_xss,7809,832,896,0.205402,93.8,0.201886,92.2
13_python_xlarge,ud-iq3_xss,7809,896,960,0.023427,98.4,0.022367,98.4
13_python_xlarge,ud-iq3_xss,7809,960,1024,0.073748,95.3,0.110160,95.3
13_python_xlarge,ud-iq3_xss,7809,1024,1088,0.172179,93.8,0.210884,90.6
13_python_xlarge,ud-iq3_xss,7809,1088,1152,0.177440,93.8,0.151329,95.3
13_python_xlarge,ud-iq3_xss,7809,1152,1216,0.209061,95.3,0.167004,95.3
13_python_xlarge,ud-iq3_xss,7809,1216,1280,0.084962,93.8,0.079141,95.3
13_python_xlarge,ud-iq3_xss,7809,1280,1344,0.138480,93.8,0.183377,92.2
13_python_xlarge,ud-iq3_xss,7809,1344,1408,0.057403,96.9,0.083614,92.2
13_python_xlarge,ud-iq3_xss,7809,1408,1472,0.090073,95.3,0.052856,96.9
13_python_xlarge,ud-iq3_xss,7809,1472,1536,0.116275,93.8,0.101211,92.2
13_python_xlarge,ud-iq3_xss,7809,1536,1600,0.190416,96.9,0.221825,92.2
13_python_xlarge,ud-iq3_xss,7809,1600,1664,0.046829,98.4,0.110258,98.4
13_python_xlarge,ud-iq3_xss,7809,1664,1728,0.153167,93.8,0.163377,95.3
13_python_xlarge,ud-iq3_xss,7809,1728,1792,0.111605,93.8,0.149855,93.8
13_python_xlarge,ud-iq3_xss,7809,1792,1856,0.010234,100.0,0.007418,100.0
13_python_xlarge,ud-iq3_xss,7809,1856,1920,0.226390,89.1,0.186114,87.5
13_python_xlarge,ud-iq3_xss,7809,1920,1984,0.118073,95.3,0.038222,95.3
13_python_xlarge,ud-iq3_xss,7809,1984,2048,0.129000,96.9,0.164020,96.9
14_go_xlarge,ud-iq3_xss,7902,0,64,0.005710,100.0,0.007604,100.0
14_go_xlarge,ud-iq3_xss,7902,64,128,0.030844,95.3,0.044416,95.3
14_go_xlarge,ud-iq3_xss,7902,128,192,0.088467,93.8,0.081941,96.9
14_go_xlarge,ud-iq3_xss,7902,192,256,0.158287,90.6,0.120751,95.3
14_go_xlarge,ud-iq3_xss,7902,256,320,0.213090,90.6,0.184627,90.6
14_go_xlarge,ud-iq3_xss,7902,320,384,0.097527,92.2,0.109573,92.2
14_go_xlarge,ud-iq3_xss,7902,384,448,0.157786,92.2,0.176226,95.3
14_go_xlarge,ud-iq3_xss,7902,448,512,0.112882,93.8,0.101466,92.2
14_go_xlarge,ud-iq3_xss,7902,512,576,0.290815,87.5,0.285989,89.1
14_go_xlarge,ud-iq3_xss,7902,576,640,0.105124,93.8,0.108772,92.2
14_go_xlarge,ud-iq3_xss,7902,640,704,0.210572,92.2,0.164062,92.2
14_go_xlarge,ud-iq3_xss,7902,704,768,0.153783,93.8,0.073070,96.9
14_go_xlarge,ud-iq3_xss,7902,768,832,0.135603,95.3,0.159753,93.8
14_go_xlarge,ud-iq3_xss,7902,832,896,0.087391,96.9,0.115443,93.8
14_go_xlarge,ud-iq3_xss,7902,896,960,0.056562,98.4,0.069666,96.9
14_go_xlarge,ud-iq3_xss,7902,960,1024,0.047591,96.9,0.085044,95.3
14_go_xlarge,ud-iq3_xss,7902,1024,1088,0.233927,89.1,0.148780,93.8
14_go_xlarge,ud-iq3_xss,7902,1088,1152,0.146851,89.1,0.146219,92.2
14_go_xlarge,ud-iq3_xss,7902,1152,1216,0.033641,98.4,0.055179,96.9
14_go_xlarge,ud-iq3_xss,7902,1216,1280,0.115226,95.3,0.152140,90.6
14_go_xlarge,ud-iq3_xss,7902,1280,1344,0.274403,85.9,0.351405,84.4
14_go_xlarge,ud-iq3_xss,7902,1344,1408,0.105399,96.9,0.062052,95.3
14_go_xlarge,ud-iq3_xss,7902,1408,1472,0.062862,95.3,0.077607,96.9
14_go_xlarge,ud-iq3_xss,7902,1472,1536,0.062715,95.3,0.062480,95.3
14_go_xlarge,ud-iq3_xss,7902,1536,1600,0.105165,93.8,0.164685,92.2
14_go_xlarge,ud-iq3_xss,7902,1600,1664,0.124651,95.3,0.089879,96.9
14_go_xlarge,ud-iq3_xss,7902,1664,1728,0.144300,93.8,0.065200,96.9
14_go_xlarge,ud-iq3_xss,7902,1728,1792,0.071091,98.4,0.084938,98.4
14_go_xlarge,ud-iq3_xss,7902,1792,1856,0.213405,85.9,0.282283,85.9
14_go_xlarge,ud-iq3_xss,7902,1856,1920,0.064695,98.4,0.099263,96.9
14_go_xlarge,ud-iq3_xss,7902,1920,1984,0.148687,93.8,0.189947,90.6
14_go_xlarge,ud-iq3_xss,7902,1984,2048,0.056149,95.3,0.033460,96.9
01_python_bug,ud-iq4_xs,292,0,64,0.014015,98.4,0.006421,98.4
01_python_bug,ud-iq4_xs,292,64,128,0.012727,96.9,0.008461,95.3
01_python_bug,ud-iq4_xs,292,128,192,0.012503,100.0,0.014681,100.0
01_python_bug,ud-iq4_xs,292,192,256,0.027872,98.4,0.029983,100.0
01_python_bug,ud-iq4_xs,292,256,320,0.027228,96.9,0.027247,95.3
01_python_bug,ud-iq4_xs,292,320,384,0.014457,100.0,0.012698,100.0
01_python_bug,ud-iq4_xs,292,384,448,0.020427,96.9,0.030498,96.9
01_python_bug,ud-iq4_xs,292,448,512,0.043316,95.3,0.029235,95.3
01_python_bug,ud-iq4_xs,292,512,576,0.005121,98.4,0.006986,100.0
01_python_bug,ud-iq4_xs,292,576,640,0.031539,96.9,0.022269,98.4
01_python_bug,ud-iq4_xs,292,640,704,0.000000,100.0,0.000000,100.0
01_python_bug,ud-iq4_xs,292,704,768,0.009711,98.4,0.005065,98.4
01_python_bug,ud-iq4_xs,292,768,832,0.004053,100.0,0.003401,100.0
01_python_bug,ud-iq4_xs,292,832,896,0.012662,98.4,0.021853,98.4
01_python_bug,ud-iq4_xs,292,896,960,0.011969,98.4,0.015688,98.4
01_python_bug,ud-iq4_xs,292,960,963,0.012675,100.0,0.049251,100.0
02_rust_explain,ud-iq4_xs,506,0,64,0.041945,96.9,0.034991,98.4
02_rust_explain,ud-iq4_xs,506,64,128,0.041477,96.9,0.062191,96.9
02_rust_explain,ud-iq4_xs,506,128,192,0.007543,98.4,0.007210,98.4
02_rust_explain,ud-iq4_xs,506,192,256,0.053974,96.9,0.035912,98.4
02_rust_explain,ud-iq4_xs,506,256,320,0.003999,98.4,0.001304,100.0
02_rust_explain,ud-iq4_xs,506,320,384,0.062155,96.9,0.024961,96.9
02_rust_explain,ud-iq4_xs,506,384,448,0.010708,100.0,0.010658,100.0
02_rust_explain,ud-iq4_xs,506,448,512,0.029777,98.4,0.020851,98.4
02_rust_explain,ud-iq4_xs,506,512,576,0.005763,100.0,0.005675,100.0
02_rust_explain,ud-iq4_xs,506,576,640,0.002538,100.0,0.028311,100.0
02_rust_explain,ud-iq4_xs,506,640,704,0.010386,98.4,0.009399,95.3
02_rust_explain,ud-iq4_xs,506,704,768,0.023050,96.9,0.019055,98.4
02_rust_explain,ud-iq4_xs,506,768,832,0.017198,98.4,0.009564,98.4
02_rust_explain,ud-iq4_xs,506,832,896,0.023450,100.0,0.030274,100.0
02_rust_explain,ud-iq4_xs,506,896,960,0.021778,100.0,0.014681,100.0
02_rust_explain,ud-iq4_xs,506,960,1024,0.001611,100.0,0.001176,100.0
02_rust_explain,ud-iq4_xs,506,1024,1088,0.023945,96.9,0.013551,98.4
02_rust_explain,ud-iq4_xs,506,1088,1152,0.003958,100.0,0.003044,100.0
02_rust_explain,ud-iq4_xs,506,1152,1216,0.080292,96.9,0.045938,96.9
02_rust_explain,ud-iq4_xs,506,1216,1280,0.008628,98.4,0.006560,98.4
02_rust_explain,ud-iq4_xs,506,1280,1344,0.029229,96.9,0.009464,98.4
02_rust_explain,ud-iq4_xs,506,1344,1408,0.043548,98.4,0.062685,98.4
02_rust_explain,ud-iq4_xs,506,1408,1472,0.022062,98.4,0.016621,98.4
02_rust_explain,ud-iq4_xs,506,1472,1536,0.073767,93.8,0.053666,95.3
02_rust_explain,ud-iq4_xs,506,1536,1556,0.048520,100.0,0.023639,100.0
03_go_bug,ud-iq4_xs,329,0,64,0.016876,100.0,0.018541,100.0
03_go_bug,ud-iq4_xs,329,64,128,0.018478,98.4,0.009077,98.4
03_go_bug,ud-iq4_xs,329,128,192,0.007024,98.4,0.001980,100.0
03_go_bug,ud-iq4_xs,329,192,256,0.042284,96.9,0.050545,95.3
03_go_bug,ud-iq4_xs,329,256,320,0.042720,95.3,0.049547,96.9
03_go_bug,ud-iq4_xs,329,320,384,0.021755,98.4,0.016083,98.4
03_go_bug,ud-iq4_xs,329,384,448,0.007856,100.0,0.005550,98.4
03_go_bug,ud-iq4_xs,329,448,512,0.023194,98.4,0.032980,95.3
03_go_bug,ud-iq4_xs,329,512,576,0.075109,93.8,0.055699,95.3
03_go_bug,ud-iq4_xs,329,576,640,0.063861,92.2,0.040487,96.9
03_go_bug,ud-iq4_xs,329,640,704,0.016444,98.4,0.022372,98.4
03_go_bug,ud-iq4_xs,329,704,768,0.022324,95.3,0.018903,95.3
03_go_bug,ud-iq4_xs,329,768,832,0.002929,100.0,0.004367,100.0
03_go_bug,ud-iq4_xs,329,832,896,0.000098,100.0,0.000126,100.0
03_go_bug,ud-iq4_xs,329,896,960,0.006231,96.9,0.004620,96.9
03_go_bug,ud-iq4_xs,329,960,1024,0.000782,100.0,0.002031,100.0
03_go_bug,ud-iq4_xs,329,1024,1088,0.004991,98.4,0.003825,100.0
03_go_bug,ud-iq4_xs,329,1088,1152,0.000469,100.0,0.001214,98.4
03_go_bug,ud-iq4_xs,329,1152,1216,0.006987,98.4,0.006443,98.4
03_go_bug,ud-iq4_xs,329,1216,1280,0.001742,100.0,0.001224,100.0
03_go_bug,ud-iq4_xs,329,1280,1344,0.003946,98.4,0.004529,98.4
03_go_bug,ud-iq4_xs,329,1344,1408,0.000000,100.0,0.000000,100.0
03_go_bug,ud-iq4_xs,329,1408,1472,0.000000,100.0,0.000000,100.0
03_go_bug,ud-iq4_xs,329,1472,1536,0.006450,100.0,0.008874,100.0
03_go_bug,ud-iq4_xs,329,1536,1600,0.015357,100.0,0.020724,96.9
03_go_bug,ud-iq4_xs,329,1600,1664,0.034275,95.3,0.025813,96.9
03_go_bug,ud-iq4_xs,329,1664,1721,0.008616,100.0,0.006072,100.0
04_cpp_explain,ud-iq4_xs,751,0,64,0.038045,95.3,0.030167,95.3
04_cpp_explain,ud-iq4_xs,751,64,128,0.039597,93.8,0.029431,95.3
04_cpp_explain,ud-iq4_xs,751,128,192,0.049144,96.9,0.031572,96.9
04_cpp_explain,ud-iq4_xs,751,192,256,0.034874,96.9,0.031316,96.9
04_cpp_explain,ud-iq4_xs,751,256,320,0.016807,98.4,0.014228,98.4
04_cpp_explain,ud-iq4_xs,751,320,384,0.014953,98.4,0.010395,98.4
04_cpp_explain,ud-iq4_xs,751,384,448,0.037018,98.4,0.019810,100.0
04_cpp_explain,ud-iq4_xs,751,448,512,0.011803,98.4,0.012826,96.9
04_cpp_explain,ud-iq4_xs,751,512,576,0.015065,100.0,0.007568,100.0
04_cpp_explain,ud-iq4_xs,751,576,640,0.006196,98.4,0.007959,98.4
04_cpp_explain,ud-iq4_xs,751,640,704,0.013436,98.4,0.019170,98.4
04_cpp_explain,ud-iq4_xs,751,704,768,0.017160,98.4,0.007910,100.0
04_cpp_explain,ud-iq4_xs,751,768,832,0.058107,96.9,0.035945,95.3
04_cpp_explain,ud-iq4_xs,751,832,896,0.089130,95.3,0.084831,96.9
04_cpp_explain,ud-iq4_xs,751,896,960,0.083033,90.6,0.077537,89.1
04_cpp_explain,ud-iq4_xs,751,960,1024,0.013240,100.0,0.019040,98.4
04_cpp_explain,ud-iq4_xs,751,1024,1088,0.015360,96.9,0.021861,96.9
04_cpp_explain,ud-iq4_xs,751,1088,1152,0.002268,100.0,0.000819,100.0
04_cpp_explain,ud-iq4_xs,751,1152,1216,0.020773,95.3,0.010314,96.9
04_cpp_explain,ud-iq4_xs,751,1216,1253,0.023740,97.3,0.025300,97.3
05_js_bug,ud-iq4_xs,498,0,64,0.006784,100.0,0.007118,100.0
05_js_bug,ud-iq4_xs,498,64,128,0.019497,95.3,0.010291,96.9
05_js_bug,ud-iq4_xs,498,128,192,0.039541,98.4,0.028187,98.4
05_js_bug,ud-iq4_xs,498,192,256,0.068417,98.4,0.069244,98.4
05_js_bug,ud-iq4_xs,498,256,320,0.044693,93.8,0.034660,96.9
05_js_bug,ud-iq4_xs,498,320,384,0.039550,98.4,0.023871,96.9
05_js_bug,ud-iq4_xs,498,384,448,0.075438,93.8,0.053696,98.4
05_js_bug,ud-iq4_xs,498,448,512,0.044165,93.8,0.042923,93.8
05_js_bug,ud-iq4_xs,498,512,576,0.016859,96.9,0.022205,96.9
05_js_bug,ud-iq4_xs,498,576,640,0.012112,96.9,0.008349,98.4
05_js_bug,ud-iq4_xs,498,640,704,0.011357,100.0,0.007111,100.0
05_js_bug,ud-iq4_xs,498,704,768,0.014087,98.4,0.011666,98.4
05_js_bug,ud-iq4_xs,498,768,832,0.002555,98.4,0.001689,100.0
05_js_bug,ud-iq4_xs,498,832,896,0.012545,96.9,0.009528,98.4
05_js_bug,ud-iq4_xs,498,896,960,0.010990,100.0,0.010006,100.0
05_js_bug,ud-iq4_xs,498,960,1024,0.036405,95.3,0.025428,96.9
05_js_bug,ud-iq4_xs,498,1024,1088,0.011536,98.4,0.006395,98.4
05_js_bug,ud-iq4_xs,498,1088,1152,0.009899,100.0,0.010136,100.0
05_js_bug,ud-iq4_xs,498,1152,1216,0.029032,98.4,0.012882,98.4
05_js_bug,ud-iq4_xs,498,1216,1280,0.008641,98.4,0.004425,100.0
05_js_bug,ud-iq4_xs,498,1280,1344,0.003849,100.0,0.001582,100.0
05_js_bug,ud-iq4_xs,498,1344,1408,0.016079,100.0,0.021843,98.4
05_js_bug,ud-iq4_xs,498,1408,1472,0.026976,98.4,0.035905,98.4
05_js_bug,ud-iq4_xs,498,1472,1536,0.001689,100.0,0.005153,100.0
05_js_bug,ud-iq4_xs,498,1536,1600,0.003766,98.4,0.003053,100.0
05_js_bug,ud-iq4_xs,498,1600,1664,0.015478,98.4,0.017800,98.4
05_js_bug,ud-iq4_xs,498,1664,1728,0.076439,93.8,0.077383,93.8
05_js_bug,ud-iq4_xs,498,1728,1734,0.000001,100.0,0.000007,100.0
06_python_explain,ud-iq4_xs,506,0,64,0.037130,96.9,0.034570,95.3
06_python_explain,ud-iq4_xs,506,64,128,0.002430,100.0,0.009438,98.4
06_python_explain,ud-iq4_xs,506,128,192,0.040316,96.9,0.031817,96.9
06_python_explain,ud-iq4_xs,506,192,256,0.037073,98.4,0.061647,96.9
06_python_explain,ud-iq4_xs,506,256,320,0.015375,98.4,0.019605,98.4
06_python_explain,ud-iq4_xs,506,320,384,0.030101,96.9,0.025201,96.9
06_python_explain,ud-iq4_xs,506,384,448,0.008176,98.4,0.011723,96.9
06_python_explain,ud-iq4_xs,506,448,512,0.012243,98.4,0.021751,98.4
06_python_explain,ud-iq4_xs,506,512,576,0.008420,98.4,0.007153,96.9
06_python_explain,ud-iq4_xs,506,576,640,0.004329,100.0,0.002433,100.0
06_python_explain,ud-iq4_xs,506,640,704,0.006361,100.0,0.005740,100.0
06_python_explain,ud-iq4_xs,506,704,768,0.015999,98.4,0.012224,98.4
06_python_explain,ud-iq4_xs,506,768,832,0.007777,100.0,0.006757,100.0
06_python_explain,ud-iq4_xs,506,832,896,0.004771,100.0,0.003808,100.0
06_python_explain,ud-iq4_xs,506,896,960,0.057206,95.3,0.039261,95.3
06_python_explain,ud-iq4_xs,506,960,1024,0.028134,96.9,0.025835,98.4
06_python_explain,ud-iq4_xs,506,1024,1088,0.024869,96.9,0.033370,96.9
06_python_explain,ud-iq4_xs,506,1088,1152,0.033896,96.9,0.021565,98.4
06_python_explain,ud-iq4_xs,506,1152,1216,0.001445,100.0,0.001192,100.0
06_python_explain,ud-iq4_xs,506,1216,1280,0.044369,98.4,0.045737,95.3
06_python_explain,ud-iq4_xs,506,1280,1344,0.011936,96.9,0.020644,98.4
06_python_explain,ud-iq4_xs,506,1344,1408,0.035507,98.4,0.026111,98.4
06_python_explain,ud-iq4_xs,506,1408,1432,0.117652,95.8,0.102546,95.8
07_c_bug,ud-iq4_xs,677,0,64,0.005417,98.4,0.006906,98.4
07_c_bug,ud-iq4_xs,677,64,128,0.008173,98.4,0.010059,98.4
07_c_bug,ud-iq4_xs,677,128,192,0.008439,96.9,0.006323,98.4
07_c_bug,ud-iq4_xs,677,192,256,0.026119,96.9,0.016438,96.9
07_c_bug,ud-iq4_xs,677,256,320,0.024605,96.9,0.007548,100.0
07_c_bug,ud-iq4_xs,677,320,384,0.027645,95.3,0.027463,95.3
07_c_bug,ud-iq4_xs,677,384,448,0.009288,100.0,0.010433,100.0
07_c_bug,ud-iq4_xs,677,448,512,0.008193,98.4,0.019138,98.4
07_c_bug,ud-iq4_xs,677,512,576,0.007901,100.0,0.006861,100.0
07_c_bug,ud-iq4_xs,677,576,640,0.012458,100.0,0.010961,98.4
07_c_bug,ud-iq4_xs,677,640,704,0.010412,98.4,0.007494,98.4
07_c_bug,ud-iq4_xs,677,704,768,0.000350,100.0,0.000651,100.0
07_c_bug,ud-iq4_xs,677,768,832,0.000000,100.0,0.000000,100.0
07_c_bug,ud-iq4_xs,677,832,896,0.006719,100.0,0.007502,100.0
07_c_bug,ud-iq4_xs,677,896,960,0.001283,100.0,0.001030,100.0
07_c_bug,ud-iq4_xs,677,960,1024,0.010900,98.4,0.009775,100.0
07_c_bug,ud-iq4_xs,677,1024,1088,0.002276,100.0,0.000656,100.0
07_c_bug,ud-iq4_xs,677,1088,1152,0.054909,95.3,0.048247,93.8
07_c_bug,ud-iq4_xs,677,1152,1216,0.004116,100.0,0.005854,100.0
07_c_bug,ud-iq4_xs,677,1216,1262,0.008777,97.8,0.044951,95.7
08_java_explain,ud-iq4_xs,754,0,64,0.043399,95.3,0.028325,96.9
08_java_explain,ud-iq4_xs,754,64,128,0.053233,95.3,0.053002,96.9
08_java_explain,ud-iq4_xs,754,128,192,0.020847,100.0,0.025956,100.0
08_java_explain,ud-iq4_xs,754,192,256,0.008897,100.0,0.008342,100.0
08_java_explain,ud-iq4_xs,754,256,320,0.005802,98.4,0.023675,96.9
08_java_explain,ud-iq4_xs,754,320,384,0.016319,98.4,0.014338,98.4
08_java_explain,ud-iq4_xs,754,384,448,0.007217,100.0,0.011914,100.0
08_java_explain,ud-iq4_xs,754,448,512,0.000187,100.0,0.001484,100.0
08_java_explain,ud-iq4_xs,754,512,576,0.012349,96.9,0.006273,98.4
08_java_explain,ud-iq4_xs,754,576,640,0.018181,98.4,0.003044,100.0
08_java_explain,ud-iq4_xs,754,640,704,0.011541,100.0,0.010290,100.0
08_java_explain,ud-iq4_xs,754,704,768,0.002917,100.0,0.004351,100.0
08_java_explain,ud-iq4_xs,754,768,832,0.042824,95.3,0.049206,95.3
08_java_explain,ud-iq4_xs,754,832,896,0.005549,98.4,0.003171,100.0
08_java_explain,ud-iq4_xs,754,896,960,0.003055,100.0,0.025380,98.4
08_java_explain,ud-iq4_xs,754,960,1024,0.033412,98.4,0.041625,96.9
08_java_explain,ud-iq4_xs,754,1024,1088,0.025648,98.4,0.041856,98.4
08_java_explain,ud-iq4_xs,754,1088,1152,0.009006,100.0,0.010615,100.0
08_java_explain,ud-iq4_xs,754,1152,1191,0.078520,92.3,0.097444,92.3
09_python_large,ud-iq4_xs,2123,0,64,0.006236,96.9,0.005652,96.9
09_python_large,ud-iq4_xs,2123,64,128,0.039061,95.3,0.021833,96.9
09_python_large,ud-iq4_xs,2123,128,192,0.004194,100.0,0.003808,100.0
09_python_large,ud-iq4_xs,2123,192,256,0.058408,98.4,0.048710,98.4
09_python_large,ud-iq4_xs,2123,256,320,0.033268,98.4,0.034928,98.4
09_python_large,ud-iq4_xs,2123,320,384,0.011445,98.4,0.008364,98.4
09_python_large,ud-iq4_xs,2123,384,448,0.049076,93.8,0.044247,93.8
09_python_large,ud-iq4_xs,2123,448,512,0.000435,100.0,0.001026,100.0
09_python_large,ud-iq4_xs,2123,512,576,0.063107,98.4,0.053611,96.9
09_python_large,ud-iq4_xs,2123,576,640,0.026083,96.9,0.024083,95.3
09_python_large,ud-iq4_xs,2123,640,704,0.008975,100.0,0.009768,100.0
09_python_large,ud-iq4_xs,2123,704,768,0.048187,96.9,0.042723,98.4
09_python_large,ud-iq4_xs,2123,768,832,0.108433,93.8,0.114240,93.8
09_python_large,ud-iq4_xs,2123,832,896,0.026750,96.9,0.020390,96.9
09_python_large,ud-iq4_xs,2123,896,960,0.036767,98.4,0.015070,100.0
09_python_large,ud-iq4_xs,2123,960,1024,0.125617,95.3,0.104292,92.2
09_python_large,ud-iq4_xs,2123,1024,1088,0.014737,100.0,0.023084,98.4
09_python_large,ud-iq4_xs,2123,1088,1152,0.036343,96.9,0.032714,95.3
09_python_large,ud-iq4_xs,2123,1152,1216,0.092610,92.2,0.110205,95.3
09_python_large,ud-iq4_xs,2123,1216,1280,0.019474,100.0,0.013033,100.0
09_python_large,ud-iq4_xs,2123,1280,1344,0.044061,98.4,0.055141,96.9
09_python_large,ud-iq4_xs,2123,1344,1408,0.022163,95.3,0.031044,96.9
09_python_large,ud-iq4_xs,2123,1408,1472,0.050396,98.4,0.038448,98.4
09_python_large,ud-iq4_xs,2123,1472,1536,0.099211,93.8,0.123517,93.8
09_python_large,ud-iq4_xs,2123,1536,1600,0.055906,98.4,0.045340,96.9
09_python_large,ud-iq4_xs,2123,1600,1664,0.028785,95.3,0.024340,98.4
09_python_large,ud-iq4_xs,2123,1664,1728,0.068820,93.8,0.036702,93.8
09_python_large,ud-iq4_xs,2123,1728,1792,0.007312,100.0,0.005958,100.0
09_python_large,ud-iq4_xs,2123,1792,1856,0.014042,100.0,0.007214,98.4
09_python_large,ud-iq4_xs,2123,1856,1920,0.014330,98.4,0.014622,98.4
09_python_large,ud-iq4_xs,2123,1920,1984,0.011364,100.0,0.010543,98.4
09_python_large,ud-iq4_xs,2123,1984,2048,0.050162,95.3,0.052159,93.8
10_go_large,ud-iq4_xs,1862,0,64,0.010478,100.0,0.008360,100.0
10_go_large,ud-iq4_xs,1862,64,128,0.013193,96.9,0.010315,96.9
10_go_large,ud-iq4_xs,1862,128,192,0.011966,100.0,0.016016,100.0
10_go_large,ud-iq4_xs,1862,192,256,0.035967,98.4,0.048210,96.9
10_go_large,ud-iq4_xs,1862,256,320,0.038851,96.9,0.032329,98.4
10_go_large,ud-iq4_xs,1862,320,384,0.067865,96.9,0.042428,98.4
10_go_large,ud-iq4_xs,1862,384,448,0.108082,93.8,0.081681,93.8
10_go_large,ud-iq4_xs,1862,448,512,0.090723,93.8,0.065172,95.3
10_go_large,ud-iq4_xs,1862,512,576,0.057619,96.9,0.068030,95.3
10_go_large,ud-iq4_xs,1862,576,640,0.038792,93.8,0.042497,93.8
10_go_large,ud-iq4_xs,1862,640,704,0.024945,96.9,0.028395,96.9
10_go_large,ud-iq4_xs,1862,704,768,0.032882,96.9,0.033031,96.9
10_go_large,ud-iq4_xs,1862,768,832,0.026397,98.4,0.013790,100.0
10_go_large,ud-iq4_xs,1862,832,896,0.021599,98.4,0.004101,98.4
10_go_large,ud-iq4_xs,1862,896,960,0.040383,96.9,0.041699,96.9
10_go_large,ud-iq4_xs,1862,960,1024,0.074585,90.6,0.122485,89.1
10_go_large,ud-iq4_xs,1862,1024,1088,0.055041,93.8,0.055497,95.3
10_go_large,ud-iq4_xs,1862,1088,1152,0.057545,95.3,0.021983,96.9
10_go_large,ud-iq4_xs,1862,1152,1216,0.063383,96.9,0.048025,98.4
10_go_large,ud-iq4_xs,1862,1216,1280,0.004393,100.0,0.017003,100.0
10_go_large,ud-iq4_xs,1862,1280,1344,0.055548,96.9,0.038636,96.9
10_go_large,ud-iq4_xs,1862,1344,1408,0.104220,92.2,0.086328,92.2
10_go_large,ud-iq4_xs,1862,1408,1472,0.092907,92.2,0.076132,93.8
10_go_large,ud-iq4_xs,1862,1472,1536,0.047429,93.8,0.070941,93.8
10_go_large,ud-iq4_xs,1862,1536,1600,0.049816,96.9,0.024461,96.9
10_go_large,ud-iq4_xs,1862,1600,1664,0.084683,93.8,0.085126,95.3
10_go_large,ud-iq4_xs,1862,1664,1728,0.020997,98.4,0.018866,98.4
10_go_large,ud-iq4_xs,1862,1728,1792,0.052269,96.9,0.051562,98.4
10_go_large,ud-iq4_xs,1862,1792,1856,0.013489,98.4,0.015291,98.4
10_go_large,ud-iq4_xs,1862,1856,1920,0.076539,93.8,0.077297,92.2
10_go_large,ud-iq4_xs,1862,1920,1984,0.120956,95.3,0.101064,95.3
10_go_large,ud-iq4_xs,1862,1984,2048,0.081635,93.8,0.057977,95.3
11_typescript_large,ud-iq4_xs,2231,0,64,0.005184,98.4,0.002556,100.0
11_typescript_large,ud-iq4_xs,2231,64,128,0.015250,98.4,0.009074,98.4
11_typescript_large,ud-iq4_xs,2231,128,192,0.007175,100.0,0.007623,100.0
11_typescript_large,ud-iq4_xs,2231,192,256,0.065883,95.3,0.023133,95.3
11_typescript_large,ud-iq4_xs,2231,256,320,0.149331,92.2,0.128286,93.8
11_typescript_large,ud-iq4_xs,2231,320,384,0.107558,89.1,0.070921,89.1
11_typescript_large,ud-iq4_xs,2231,384,448,0.068975,95.3,0.035851,96.9
11_typescript_large,ud-iq4_xs,2231,448,512,0.056341,93.8,0.023708,98.4
11_typescript_large,ud-iq4_xs,2231,512,576,0.069943,93.8,0.057508,93.8
11_typescript_large,ud-iq4_xs,2231,576,640,0.059714,96.9,0.059190,98.4
11_typescript_large,ud-iq4_xs,2231,640,704,0.025610,93.8,0.015701,98.4
11_typescript_large,ud-iq4_xs,2231,704,768,0.027339,96.9,0.026567,96.9
11_typescript_large,ud-iq4_xs,2231,768,832,0.066747,93.8,0.062278,93.8
11_typescript_large,ud-iq4_xs,2231,832,896,0.030941,98.4,0.041936,96.9
11_typescript_large,ud-iq4_xs,2231,896,960,0.079266,95.3,0.061054,93.8
11_typescript_large,ud-iq4_xs,2231,960,1024,0.123901,93.8,0.100756,95.3
11_typescript_large,ud-iq4_xs,2231,1024,1088,0.031505,96.9,0.054943,95.3
11_typescript_large,ud-iq4_xs,2231,1088,1152,0.034947,98.4,0.038551,98.4
11_typescript_large,ud-iq4_xs,2231,1152,1216,0.152808,89.1,0.108002,89.1
11_typescript_large,ud-iq4_xs,2231,1216,1280,0.130419,93.8,0.103332,96.9
11_typescript_large,ud-iq4_xs,2231,1280,1344,0.055220,98.4,0.048771,98.4
11_typescript_large,ud-iq4_xs,2231,1344,1408,0.061977,95.3,0.047909,95.3
11_typescript_large,ud-iq4_xs,2231,1408,1472,0.088885,92.2,0.113142,92.2
11_typescript_large,ud-iq4_xs,2231,1472,1536,0.100377,93.8,0.088416,93.8
11_typescript_large,ud-iq4_xs,2231,1536,1600,0.023036,98.4,0.016773,98.4
11_typescript_large,ud-iq4_xs,2231,1600,1664,0.024195,98.4,0.025850,98.4
11_typescript_large,ud-iq4_xs,2231,1664,1728,0.046860,95.3,0.050413,96.9
11_typescript_large,ud-iq4_xs,2231,1728,1792,0.013398,96.9,0.026076,95.3
11_typescript_large,ud-iq4_xs,2231,1792,1856,0.066047,95.3,0.034776,95.3
11_typescript_large,ud-iq4_xs,2231,1856,1920,0.099312,96.9,0.085235,95.3
11_typescript_large,ud-iq4_xs,2231,1920,1984,0.121856,96.9,0.136828,93.8
11_typescript_large,ud-iq4_xs,2231,1984,2048,0.070571,96.9,0.071779,96.9
12_rust_large,ud-iq4_xs,2015,0,64,0.006555,100.0,0.003955,98.4
12_rust_large,ud-iq4_xs,2015,64,128,0.024959,98.4,0.034114,98.4
12_rust_large,ud-iq4_xs,2015,128,192,0.044971,96.9,0.034280,93.8
12_rust_large,ud-iq4_xs,2015,192,256,0.017314,100.0,0.028126,98.4
12_rust_large,ud-iq4_xs,2015,256,320,0.036357,96.9,0.019829,98.4
12_rust_large,ud-iq4_xs,2015,320,384,0.043497,96.9,0.042106,96.9
12_rust_large,ud-iq4_xs,2015,384,448,0.015421,98.4,0.012278,98.4
12_rust_large,ud-iq4_xs,2015,448,512,0.041058,95.3,0.060080,92.2
12_rust_large,ud-iq4_xs,2015,512,576,0.068285,95.3,0.066799,93.8
12_rust_large,ud-iq4_xs,2015,576,640,0.048836,100.0,0.032689,100.0
12_rust_large,ud-iq4_xs,2015,640,704,0.025405,95.3,0.038645,96.9
12_rust_large,ud-iq4_xs,2015,704,768,0.043250,96.9,0.022074,96.9
12_rust_large,ud-iq4_xs,2015,768,832,0.104475,93.8,0.092896,93.8
12_rust_large,ud-iq4_xs,2015,832,896,0.020148,98.4,0.016096,98.4
12_rust_large,ud-iq4_xs,2015,896,960,0.053207,95.3,0.045184,96.9
12_rust_large,ud-iq4_xs,2015,960,1024,0.021502,100.0,0.044343,96.9
12_rust_large,ud-iq4_xs,2015,1024,1088,0.095974,96.9,0.090315,93.8
12_rust_large,ud-iq4_xs,2015,1088,1152,0.015441,96.9,0.025604,98.4
12_rust_large,ud-iq4_xs,2015,1152,1216,0.072891,96.9,0.066426,98.4
12_rust_large,ud-iq4_xs,2015,1216,1280,0.022464,98.4,0.031331,96.9
12_rust_large,ud-iq4_xs,2015,1280,1344,0.138159,95.3,0.116311,95.3
12_rust_large,ud-iq4_xs,2015,1344,1408,0.062321,96.9,0.078012,93.8
12_rust_large,ud-iq4_xs,2015,1408,1472,0.064898,96.9,0.042814,96.9
12_rust_large,ud-iq4_xs,2015,1472,1536,0.050635,95.3,0.079681,95.3
12_rust_large,ud-iq4_xs,2015,1536,1600,0.021709,95.3,0.014511,95.3
12_rust_large,ud-iq4_xs,2015,1600,1664,0.013502,98.4,0.016457,98.4
12_rust_large,ud-iq4_xs,2015,1664,1728,0.083366,95.3,0.110981,95.3
12_rust_large,ud-iq4_xs,2015,1728,1792,0.019668,98.4,0.016933,96.9
12_rust_large,ud-iq4_xs,2015,1792,1856,0.033068,95.3,0.026456,95.3
12_rust_large,ud-iq4_xs,2015,1856,1920,0.035248,96.9,0.026679,96.9
12_rust_large,ud-iq4_xs,2015,1920,1984,0.042620,98.4,0.046905,96.9
12_rust_large,ud-iq4_xs,2015,1984,2048,0.122335,93.8,0.095807,92.2
13_python_xlarge,ud-iq4_xs,7809,0,64,0.008268,96.9,0.007740,95.3
13_python_xlarge,ud-iq4_xs,7809,64,128,0.099651,93.8,0.067895,92.2
13_python_xlarge,ud-iq4_xs,7809,128,192,0.084402,93.8,0.071364,90.6
13_python_xlarge,ud-iq4_xs,7809,192,256,0.067727,98.4,0.061060,98.4
13_python_xlarge,ud-iq4_xs,7809,256,320,0.033985,95.3,0.025432,96.9
13_python_xlarge,ud-iq4_xs,7809,320,384,0.010460,98.4,0.020317,98.4
13_python_xlarge,ud-iq4_xs,7809,384,448,0.005683,100.0,0.001043,100.0
13_python_xlarge,ud-iq4_xs,7809,448,512,0.043669,96.9,0.016944,96.9
13_python_xlarge,ud-iq4_xs,7809,512,576,0.132872,92.2,0.133615,93.8
13_python_xlarge,ud-iq4_xs,7809,576,640,0.083564,95.3,0.071975,93.8
13_python_xlarge,ud-iq4_xs,7809,640,704,0.019821,96.9,0.041576,95.3
13_python_xlarge,ud-iq4_xs,7809,704,768,0.016971,100.0,0.017119,98.4
13_python_xlarge,ud-iq4_xs,7809,768,832,0.049330,96.9,0.047868,98.4
13_python_xlarge,ud-iq4_xs,7809,832,896,0.021234,95.3,0.054714,93.8
13_python_xlarge,ud-iq4_xs,7809,896,960,0.002736,100.0,0.001418,100.0
13_python_xlarge,ud-iq4_xs,7809,960,1024,0.020449,98.4,0.081242,96.9
13_python_xlarge,ud-iq4_xs,7809,1024,1088,0.093394,90.6,0.080157,95.3
13_python_xlarge,ud-iq4_xs,7809,1088,1152,0.049333,95.3,0.076607,93.8
13_python_xlarge,ud-iq4_xs,7809,1152,1216,0.046369,95.3,0.066562,92.2
13_python_xlarge,ud-iq4_xs,7809,1216,1280,0.032460,98.4,0.027620,98.4
13_python_xlarge,ud-iq4_xs,7809,1280,1344,0.022712,100.0,0.026121,98.4
13_python_xlarge,ud-iq4_xs,7809,1344,1408,0.025439,96.9,0.028831,96.9
13_python_xlarge,ud-iq4_xs,7809,1408,1472,0.036132,95.3,0.018752,98.4
13_python_xlarge,ud-iq4_xs,7809,1472,1536,0.027509,98.4,0.024031,98.4
13_python_xlarge,ud-iq4_xs,7809,1536,1600,0.022117,98.4,0.010644,98.4
13_python_xlarge,ud-iq4_xs,7809,1600,1664,0.009938,100.0,0.006724,100.0
13_python_xlarge,ud-iq4_xs,7809,1664,1728,0.026737,100.0,0.038347,96.9
13_python_xlarge,ud-iq4_xs,7809,1728,1792,0.033925,98.4,0.023930,98.4
13_python_xlarge,ud-iq4_xs,7809,1792,1856,0.006005,98.4,0.003596,100.0
13_python_xlarge,ud-iq4_xs,7809,1856,1920,0.094206,96.9,0.093569,96.9
13_python_xlarge,ud-iq4_xs,7809,1920,1984,0.028934,98.4,0.020733,98.4
13_python_xlarge,ud-iq4_xs,7809,1984,2048,0.020941,98.4,0.025974,96.9
14_go_xlarge,ud-iq4_xs,7902,0,64,0.005320,98.4,0.004633,100.0
14_go_xlarge,ud-iq4_xs,7902,64,128,0.015661,96.9,0.007756,98.4
14_go_xlarge,ud-iq4_xs,7902,128,192,0.041834,98.4,0.066653,96.9
14_go_xlarge,ud-iq4_xs,7902,192,256,0.053878,96.9,0.044943,95.3
14_go_xlarge,ud-iq4_xs,7902,256,320,0.046351,95.3,0.073048,90.6
14_go_xlarge,ud-iq4_xs,7902,320,384,0.053938,93.8,0.033434,96.9
14_go_xlarge,ud-iq4_xs,7902,384,448,0.077512,95.3,0.077184,93.8
14_go_xlarge,ud-iq4_xs,7902,448,512,0.022151,98.4,0.024584,98.4
14_go_xlarge,ud-iq4_xs,7902,512,576,0.073300,93.8,0.074155,92.2
14_go_xlarge,ud-iq4_xs,7902,576,640,0.054971,95.3,0.058341,95.3
14_go_xlarge,ud-iq4_xs,7902,640,704,0.136877,95.3,0.116315,96.9
14_go_xlarge,ud-iq4_xs,7902,704,768,0.039541,96.9,0.037721,98.4
14_go_xlarge,ud-iq4_xs,7902,768,832,0.040763,96.9,0.025346,96.9
14_go_xlarge,ud-iq4_xs,7902,832,896,0.005973,100.0,0.013616,100.0
14_go_xlarge,ud-iq4_xs,7902,896,960,0.048359,98.4,0.035121,100.0
14_go_xlarge,ud-iq4_xs,7902,960,1024,0.026605,98.4,0.017398,98.4
14_go_xlarge,ud-iq4_xs,7902,1024,1088,0.070258,96.9,0.093363,95.3
14_go_xlarge,ud-iq4_xs,7902,1088,1152,0.033323,96.9,0.029688,98.4
14_go_xlarge,ud-iq4_xs,7902,1152,1216,0.026806,98.4,0.010689,100.0
14_go_xlarge,ud-iq4_xs,7902,1216,1280,0.098125,92.2,0.055101,95.3
14_go_xlarge,ud-iq4_xs,7902,1280,1344,0.052530,96.9,0.073893,95.3
14_go_xlarge,ud-iq4_xs,7902,1344,1408,0.014613,98.4,0.023380,98.4
14_go_xlarge,ud-iq4_xs,7902,1408,1472,0.037059,96.9,0.057531,98.4
14_go_xlarge,ud-iq4_xs,7902,1472,1536,0.029871,96.9,0.043932,96.9
14_go_xlarge,ud-iq4_xs,7902,1536,1600,0.062698,93.8,0.039448,96.9
14_go_xlarge,ud-iq4_xs,7902,1600,1664,0.154596,96.9,0.105795,95.3
14_go_xlarge,ud-iq4_xs,7902,1664,1728,0.046514,96.9,0.031477,96.9
14_go_xlarge,ud-iq4_xs,7902,1728,1792,0.026095,98.4,0.015228,96.9
14_go_xlarge,ud-iq4_xs,7902,1792,1856,0.125882,90.6,0.117873,92.2
14_go_xlarge,ud-iq4_xs,7902,1856,1920,0.039661,96.9,0.037282,96.9
14_go_xlarge,ud-iq4_xs,7902,1920,1984,0.068462,96.9,0.045524,95.3
14_go_xlarge,ud-iq4_xs,7902,1984,2048,0.046082,93.8,0.016571,95.3
01_python_bug,ud-q6_k_xl,292,0,64,0.000790,100.0,0.001069,98.4
01_python_bug,ud-q6_k_xl,292,64,128,0.002506,100.0,0.001059,100.0
01_python_bug,ud-q6_k_xl,292,128,192,0.002075,100.0,0.001040,100.0
01_python_bug,ud-q6_k_xl,292,192,256,0.012602,100.0,0.017835,100.0
01_python_bug,ud-q6_k_xl,292,256,320,0.005793,98.4,0.001718,98.4
01_python_bug,ud-q6_k_xl,292,320,384,0.002771,98.4,0.004804,96.9
01_python_bug,ud-q6_k_xl,292,384,448,0.002259,100.0,0.002418,100.0
01_python_bug,ud-q6_k_xl,292,448,512,0.002643,98.4,0.001914,100.0
01_python_bug,ud-q6_k_xl,292,512,576,0.002604,98.4,0.002234,98.4
01_python_bug,ud-q6_k_xl,292,576,640,0.008386,98.4,0.002023,96.9
01_python_bug,ud-q6_k_xl,292,640,704,0.000000,100.0,0.000000,100.0
01_python_bug,ud-q6_k_xl,292,704,768,0.000827,100.0,0.000550,100.0
01_python_bug,ud-q6_k_xl,292,768,832,0.001411,100.0,0.000428,100.0
01_python_bug,ud-q6_k_xl,292,832,896,0.006463,98.4,0.000923,100.0
01_python_bug,ud-q6_k_xl,292,896,960,0.000046,100.0,0.000263,100.0
01_python_bug,ud-q6_k_xl,292,960,963,0.015496,100.0,0.000922,100.0
02_rust_explain,ud-q6_k_xl,506,0,64,0.003190,100.0,0.004915,100.0
02_rust_explain,ud-q6_k_xl,506,64,128,0.003907,98.4,0.002621,100.0
02_rust_explain,ud-q6_k_xl,506,128,192,0.000692,100.0,0.000299,100.0
02_rust_explain,ud-q6_k_xl,506,192,256,0.003532,100.0,0.006578,100.0
02_rust_explain,ud-q6_k_xl,506,256,320,0.001279,100.0,0.000668,100.0
02_rust_explain,ud-q6_k_xl,506,320,384,0.001351,100.0,0.001288,100.0
02_rust_explain,ud-q6_k_xl,506,384,448,0.001230,100.0,0.001299,100.0
02_rust_explain,ud-q6_k_xl,506,448,512,0.000846,100.0,0.000826,100.0
02_rust_explain,ud-q6_k_xl,506,512,576,0.000349,100.0,0.000207,100.0
02_rust_explain,ud-q6_k_xl,506,576,640,0.009637,98.4,0.009208,98.4
02_rust_explain,ud-q6_k_xl,506,640,704,0.003785,98.4,0.006358,100.0
02_rust_explain,ud-q6_k_xl,506,704,768,0.002202,100.0,0.000607,100.0
02_rust_explain,ud-q6_k_xl,506,768,832,0.002269,100.0,0.001435,100.0
02_rust_explain,ud-q6_k_xl,506,832,896,0.000123,100.0,0.006329,100.0
02_rust_explain,ud-q6_k_xl,506,896,960,0.000322,98.4,0.000217,100.0
02_rust_explain,ud-q6_k_xl,506,960,1024,0.000456,100.0,0.000276,100.0
02_rust_explain,ud-q6_k_xl,506,1024,1088,0.010023,100.0,0.003612,100.0
02_rust_explain,ud-q6_k_xl,506,1088,1152,0.007587,96.9,0.000983,100.0
02_rust_explain,ud-q6_k_xl,506,1152,1216,0.013482,96.9,0.005157,96.9
02_rust_explain,ud-q6_k_xl,506,1216,1280,0.000367,98.4,0.003010,98.4
02_rust_explain,ud-q6_k_xl,506,1280,1344,0.006419,96.9,0.013187,96.9
02_rust_explain,ud-q6_k_xl,506,1344,1408,0.020355,98.4,0.002326,100.0
02_rust_explain,ud-q6_k_xl,506,1408,1472,0.000678,100.0,0.000924,100.0
02_rust_explain,ud-q6_k_xl,506,1472,1536,0.011056,96.9,0.013384,96.9
02_rust_explain,ud-q6_k_xl,506,1536,1556,0.003087,100.0,0.015106,100.0
03_go_bug,ud-q6_k_xl,329,0,64,0.003036,100.0,0.001390,100.0
03_go_bug,ud-q6_k_xl,329,64,128,0.001342,100.0,0.002844,98.4
03_go_bug,ud-q6_k_xl,329,128,192,0.000877,100.0,0.001269,100.0
03_go_bug,ud-q6_k_xl,329,192,256,0.049238,98.4,0.017036,98.4
03_go_bug,ud-q6_k_xl,329,256,320,0.021094,96.9,0.007574,100.0
03_go_bug,ud-q6_k_xl,329,320,384,0.000232,100.0,0.000097,100.0
03_go_bug,ud-q6_k_xl,329,384,448,0.003448,98.4,0.001807,100.0
03_go_bug,ud-q6_k_xl,329,448,512,0.003195,98.4,0.001862,100.0
03_go_bug,ud-q6_k_xl,329,512,576,0.006801,98.4,0.009492,96.9
03_go_bug,ud-q6_k_xl,329,576,640,0.002267,100.0,0.002641,100.0
03_go_bug,ud-q6_k_xl,329,640,704,0.005660,98.4,0.001062,100.0
03_go_bug,ud-q6_k_xl,329,704,768,0.001619,98.4,0.001224,98.4
03_go_bug,ud-q6_k_xl,329,768,832,0.000553,100.0,0.000166,100.0
03_go_bug,ud-q6_k_xl,329,832,896,0.000017,100.0,0.000013,100.0
03_go_bug,ud-q6_k_xl,329,896,960,0.000553,98.4,0.000366,100.0
03_go_bug,ud-q6_k_xl,329,960,1024,0.000083,100.0,0.000790,100.0
03_go_bug,ud-q6_k_xl,329,1024,1088,0.001211,100.0,0.000641,100.0
03_go_bug,ud-q6_k_xl,329,1088,1152,0.000287,100.0,0.000869,100.0
03_go_bug,ud-q6_k_xl,329,1152,1216,0.001337,100.0,0.000868,100.0
03_go_bug,ud-q6_k_xl,329,1216,1280,0.000938,100.0,0.000196,100.0
03_go_bug,ud-q6_k_xl,329,1280,1344,0.000152,100.0,0.000915,98.4
03_go_bug,ud-q6_k_xl,329,1344,1408,0.000000,100.0,0.000000,100.0
03_go_bug,ud-q6_k_xl,329,1408,1472,0.000000,100.0,0.000000,100.0
03_go_bug,ud-q6_k_xl,329,1472,1536,0.000255,100.0,0.000496,100.0
03_go_bug,ud-q6_k_xl,329,1536,1600,0.007362,98.4,0.007467,98.4
03_go_bug,ud-q6_k_xl,329,1600,1664,0.002567,98.4,0.004410,98.4
03_go_bug,ud-q6_k_xl,329,1664,1721,0.000633,100.0,0.000606,100.0
04_cpp_explain,ud-q6_k_xl,751,0,64,0.011882,98.4,0.004620,100.0
04_cpp_explain,ud-q6_k_xl,751,64,128,0.004679,95.3,0.003973,95.3
04_cpp_explain,ud-q6_k_xl,751,128,192,0.001779,100.0,0.003938,100.0
04_cpp_explain,ud-q6_k_xl,751,192,256,0.004009,98.4,0.001963,98.4
04_cpp_explain,ud-q6_k_xl,751,256,320,0.002762,98.4,0.001104,98.4
04_cpp_explain,ud-q6_k_xl,751,320,384,0.001592,100.0,0.001625,100.0
04_cpp_explain,ud-q6_k_xl,751,384,448,0.002100,98.4,0.000989,98.4
04_cpp_explain,ud-q6_k_xl,751,448,512,0.002685,98.4,0.009806,98.4
04_cpp_explain,ud-q6_k_xl,751,512,576,0.001299,98.4,0.006609,98.4
04_cpp_explain,ud-q6_k_xl,751,576,640,0.001004,100.0,0.001274,100.0
04_cpp_explain,ud-q6_k_xl,751,640,704,0.003112,98.4,0.000865,98.4
04_cpp_explain,ud-q6_k_xl,751,704,768,0.002018,100.0,0.001309,98.4
04_cpp_explain,ud-q6_k_xl,751,768,832,0.004724,98.4,0.007398,95.3
04_cpp_explain,ud-q6_k_xl,751,832,896,0.011361,98.4,0.008381,98.4
04_cpp_explain,ud-q6_k_xl,751,896,960,0.011587,92.2,0.015217,95.3
04_cpp_explain,ud-q6_k_xl,751,960,1024,0.003249,100.0,0.001869,100.0
04_cpp_explain,ud-q6_k_xl,751,1024,1088,0.022973,95.3,0.004193,96.9
04_cpp_explain,ud-q6_k_xl,751,1088,1152,0.000873,100.0,0.000066,100.0
04_cpp_explain,ud-q6_k_xl,751,1152,1216,0.003308,96.9,0.003935,98.4
04_cpp_explain,ud-q6_k_xl,751,1216,1253,0.010676,97.3,0.004820,97.3
05_js_bug,ud-q6_k_xl,498,0,64,0.004160,98.4,0.001126,100.0
05_js_bug,ud-q6_k_xl,498,64,128,0.005598,95.3,0.001878,96.9
05_js_bug,ud-q6_k_xl,498,128,192,0.014791,96.9,0.003892,98.4
05_js_bug,ud-q6_k_xl,498,192,256,0.011283,98.4,0.002786,100.0
05_js_bug,ud-q6_k_xl,498,256,320,0.004067,100.0,0.005122,100.0
05_js_bug,ud-q6_k_xl,498,320,384,0.004981,98.4,0.006025,98.4
05_js_bug,ud-q6_k_xl,498,384,448,0.008710,98.4,0.006987,100.0
05_js_bug,ud-q6_k_xl,498,448,512,0.017544,96.9,0.004460,98.4
05_js_bug,ud-q6_k_xl,498,512,576,0.001658,100.0,0.001752,100.0
05_js_bug,ud-q6_k_xl,498,576,640,0.001949,98.4,0.008055,96.9
05_js_bug,ud-q6_k_xl,498,640,704,0.000562,100.0,0.000521,100.0
05_js_bug,ud-q6_k_xl,498,704,768,0.002198,98.4,0.001505,98.4
05_js_bug,ud-q6_k_xl,498,768,832,0.000514,100.0,0.000869,100.0
05_js_bug,ud-q6_k_xl,498,832,896,0.003819,96.9,0.005917,96.9
05_js_bug,ud-q6_k_xl,498,896,960,0.000225,100.0,0.000124,100.0
05_js_bug,ud-q6_k_xl,498,960,1024,0.002156,98.4,0.002734,100.0
05_js_bug,ud-q6_k_xl,498,1024,1088,0.000625,98.4,0.001031,98.4
05_js_bug,ud-q6_k_xl,498,1088,1152,0.000789,100.0,0.002969,100.0
05_js_bug,ud-q6_k_xl,498,1152,1216,0.003930,100.0,0.005848,100.0
05_js_bug,ud-q6_k_xl,498,1216,1280,0.004118,100.0,0.002934,98.4
05_js_bug,ud-q6_k_xl,498,1280,1344,0.000026,100.0,0.000084,100.0
05_js_bug,ud-q6_k_xl,498,1344,1408,0.001672,98.4,0.001289,98.4
05_js_bug,ud-q6_k_xl,498,1408,1472,0.001951,100.0,0.002648,100.0
05_js_bug,ud-q6_k_xl,498,1472,1536,0.000920,100.0,0.003270,100.0
05_js_bug,ud-q6_k_xl,498,1536,1600,0.000146,100.0,0.000511,100.0
05_js_bug,ud-q6_k_xl,498,1600,1664,0.001235,100.0,0.000495,100.0
05_js_bug,ud-q6_k_xl,498,1664,1728,0.007547,96.9,0.001412,100.0
05_js_bug,ud-q6_k_xl,498,1728,1734,0.000003,100.0,0.000004,100.0
06_python_explain,ud-q6_k_xl,506,0,64,0.003681,98.4,0.000650,100.0
06_python_explain,ud-q6_k_xl,506,64,128,0.000417,100.0,0.001473,100.0
06_python_explain,ud-q6_k_xl,506,128,192,0.003047,100.0,0.004037,100.0
06_python_explain,ud-q6_k_xl,506,192,256,0.004470,98.4,0.000742,100.0
06_python_explain,ud-q6_k_xl,506,256,320,0.000236,100.0,0.000629,98.4
06_python_explain,ud-q6_k_xl,506,320,384,0.002853,100.0,0.002141,100.0
06_python_explain,ud-q6_k_xl,506,384,448,0.002782,100.0,0.001247,100.0
06_python_explain,ud-q6_k_xl,506,448,512,0.004801,100.0,0.002545,100.0
06_python_explain,ud-q6_k_xl,506,512,576,0.002841,98.4,0.005703,96.9
06_python_explain,ud-q6_k_xl,506,576,640,0.001935,96.9,0.002443,96.9
06_python_explain,ud-q6_k_xl,506,640,704,0.007229,98.4,0.001217,100.0
06_python_explain,ud-q6_k_xl,506,704,768,0.001532,98.4,0.001131,98.4
06_python_explain,ud-q6_k_xl,506,768,832,0.006953,100.0,0.003001,100.0
06_python_explain,ud-q6_k_xl,506,832,896,0.000303,100.0,0.000685,100.0
06_python_explain,ud-q6_k_xl,506,896,960,0.029248,98.4,0.003161,100.0
06_python_explain,ud-q6_k_xl,506,960,1024,0.011721,98.4,0.005297,98.4
06_python_explain,ud-q6_k_xl,506,1024,1088,0.009915,98.4,0.005600,100.0
06_python_explain,ud-q6_k_xl,506,1088,1152,0.013250,96.9,0.010739,98.4
06_python_explain,ud-q6_k_xl,506,1152,1216,0.000428,100.0,0.000603,100.0
06_python_explain,ud-q6_k_xl,506,1216,1280,0.008787,98.4,0.007498,96.9
06_python_explain,ud-q6_k_xl,506,1280,1344,0.015784,98.4,0.002089,100.0
06_python_explain,ud-q6_k_xl,506,1344,1408,0.002724,100.0,0.002931,100.0
06_python_explain,ud-q6_k_xl,506,1408,1432,0.023358,95.8,0.004560,100.0
07_c_bug,ud-q6_k_xl,677,0,64,0.000607,100.0,0.000722,100.0
07_c_bug,ud-q6_k_xl,677,64,128,0.000268,100.0,0.000557,98.4
07_c_bug,ud-q6_k_xl,677,128,192,0.004386,100.0,0.002532,98.4
07_c_bug,ud-q6_k_xl,677,192,256,0.006924,98.4,0.002885,98.4
07_c_bug,ud-q6_k_xl,677,256,320,0.019028,95.3,0.007384,96.9
07_c_bug,ud-q6_k_xl,677,320,384,0.003975,96.9,0.002339,95.3
07_c_bug,ud-q6_k_xl,677,384,448,0.001731,100.0,0.000252,100.0
07_c_bug,ud-q6_k_xl,677,448,512,0.001886,100.0,0.000378,100.0
07_c_bug,ud-q6_k_xl,677,512,576,0.001424,100.0,0.001921,100.0
07_c_bug,ud-q6_k_xl,677,576,640,0.001863,100.0,0.000414,100.0
07_c_bug,ud-q6_k_xl,677,640,704,0.004091,98.4,0.003788,100.0
07_c_bug,ud-q6_k_xl,677,704,768,0.000242,100.0,0.001418,100.0
07_c_bug,ud-q6_k_xl,677,768,832,0.000000,100.0,0.000000,100.0
07_c_bug,ud-q6_k_xl,677,832,896,0.001130,100.0,0.000998,100.0
07_c_bug,ud-q6_k_xl,677,896,960,0.000594,100.0,0.000398,100.0
07_c_bug,ud-q6_k_xl,677,960,1024,0.002955,98.4,0.004085,98.4
07_c_bug,ud-q6_k_xl,677,1024,1088,0.001073,100.0,0.000329,100.0
07_c_bug,ud-q6_k_xl,677,1088,1152,0.003362,98.4,0.002258,96.9
07_c_bug,ud-q6_k_xl,677,1152,1216,0.001924,100.0,0.001956,100.0
07_c_bug,ud-q6_k_xl,677,1216,1262,0.006137,97.8,0.003769,97.8
08_java_explain,ud-q6_k_xl,754,0,64,0.002706,98.4,0.006760,98.4
08_java_explain,ud-q6_k_xl,754,64,128,0.003757,98.4,0.000978,98.4
08_java_explain,ud-q6_k_xl,754,128,192,0.000828,98.4,0.001997,100.0
08_java_explain,ud-q6_k_xl,754,192,256,0.000601,100.0,0.000155,100.0
08_java_explain,ud-q6_k_xl,754,256,320,0.001303,98.4,0.003221,98.4
08_java_explain,ud-q6_k_xl,754,320,384,0.001290,100.0,0.001116,100.0
08_java_explain,ud-q6_k_xl,754,384,448,0.000371,100.0,0.001211,98.4
08_java_explain,ud-q6_k_xl,754,448,512,0.000024,100.0,0.000057,100.0
08_java_explain,ud-q6_k_xl,754,512,576,0.008551,98.4,0.000261,100.0
08_java_explain,ud-q6_k_xl,754,576,640,0.002836,100.0,0.003552,98.4
08_java_explain,ud-q6_k_xl,754,640,704,0.001212,100.0,0.000794,100.0
08_java_explain,ud-q6_k_xl,754,704,768,0.008604,98.4,0.001909,98.4
08_java_explain,ud-q6_k_xl,754,768,832,0.001375,100.0,0.003218,98.4
08_java_explain,ud-q6_k_xl,754,832,896,0.001650,98.4,0.001135,100.0
08_java_explain,ud-q6_k_xl,754,896,960,0.001724,100.0,0.002087,100.0
08_java_explain,ud-q6_k_xl,754,960,1024,0.001062,100.0,0.001124,98.4
08_java_explain,ud-q6_k_xl,754,1024,1088,0.000561,98.4,0.000925,100.0
08_java_explain,ud-q6_k_xl,754,1088,1152,0.000610,100.0,0.002186,100.0
08_java_explain,ud-q6_k_xl,754,1152,1191,0.008181,100.0,0.007821,97.4
09_python_large,ud-q6_k_xl,2123,0,64,0.000288,100.0,0.000549,100.0
09_python_large,ud-q6_k_xl,2123,64,128,0.003684,95.3,0.002653,98.4
09_python_large,ud-q6_k_xl,2123,128,192,0.000163,100.0,0.000664,100.0
09_python_large,ud-q6_k_xl,2123,192,256,0.009833,96.9,0.012929,96.9
09_python_large,ud-q6_k_xl,2123,256,320,0.004145,98.4,0.006090,100.0
09_python_large,ud-q6_k_xl,2123,320,384,0.001686,100.0,0.002665,98.4
09_python_large,ud-q6_k_xl,2123,384,448,0.002699,98.4,0.006816,98.4
09_python_large,ud-q6_k_xl,2123,448,512,0.000191,100.0,0.000121,100.0
09_python_large,ud-q6_k_xl,2123,512,576,0.027694,95.3,0.014899,100.0
09_python_large,ud-q6_k_xl,2123,576,640,0.023436,98.4,0.007216,98.4
09_python_large,ud-q6_k_xl,2123,640,704,0.000870,100.0,0.000296,100.0
09_python_large,ud-q6_k_xl,2123,704,768,0.004453,98.4,0.002080,100.0
09_python_large,ud-q6_k_xl,2123,768,832,0.012033,98.4,0.010285,100.0
09_python_large,ud-q6_k_xl,2123,832,896,0.009563,100.0,0.001776,100.0
09_python_large,ud-q6_k_xl,2123,896,960,0.009629,100.0,0.008709,98.4
09_python_large,ud-q6_k_xl,2123,960,1024,0.019523,98.4,0.008445,100.0
09_python_large,ud-q6_k_xl,2123,1024,1088,0.008274,100.0,0.010574,98.4
09_python_large,ud-q6_k_xl,2123,1088,1152,0.004655,98.4,0.002566,100.0
09_python_large,ud-q6_k_xl,2123,1152,1216,0.012255,98.4,0.012160,98.4
09_python_large,ud-q6_k_xl,2123,1216,1280,0.009560,100.0,0.003928,100.0
09_python_large,ud-q6_k_xl,2123,1280,1344,0.010641,100.0,0.014781,98.4
09_python_large,ud-q6_k_xl,2123,1344,1408,0.003050,100.0,0.001585,100.0
09_python_large,ud-q6_k_xl,2123,1408,1472,0.002759,100.0,0.003757,100.0
09_python_large,ud-q6_k_xl,2123,1472,1536,0.011799,98.4,0.012337,96.9
09_python_large,ud-q6_k_xl,2123,1536,1600,0.006074,98.4,0.008884,96.9
09_python_large,ud-q6_k_xl,2123,1600,1664,0.005341,98.4,0.004878,96.9
09_python_large,ud-q6_k_xl,2123,1664,1728,0.007831,98.4,0.002653,100.0
09_python_large,ud-q6_k_xl,2123,1728,1792,0.001577,100.0,0.001589,100.0
09_python_large,ud-q6_k_xl,2123,1792,1856,0.010468,98.4,0.001257,98.4
09_python_large,ud-q6_k_xl,2123,1856,1920,0.007063,100.0,0.003230,100.0
09_python_large,ud-q6_k_xl,2123,1920,1984,0.000365,100.0,0.002482,100.0
09_python_large,ud-q6_k_xl,2123,1984,2048,0.004659,96.9,0.006775,98.4
10_go_large,ud-q6_k_xl,1862,0,64,0.000240,100.0,0.000095,100.0
10_go_large,ud-q6_k_xl,1862,64,128,0.001661,100.0,0.000377,100.0
10_go_large,ud-q6_k_xl,1862,128,192,0.003230,100.0,0.002204,100.0
10_go_large,ud-q6_k_xl,1862,192,256,0.012099,96.9,0.004612,96.9
10_go_large,ud-q6_k_xl,1862,256,320,0.009623,98.4,0.002219,98.4
10_go_large,ud-q6_k_xl,1862,320,384,0.002997,100.0,0.008457,100.0
10_go_large,ud-q6_k_xl,1862,384,448,0.015848,98.4,0.002233,98.4
10_go_large,ud-q6_k_xl,1862,448,512,0.008094,96.9,0.004579,98.4
10_go_large,ud-q6_k_xl,1862,512,576,0.005469,100.0,0.014011,96.9
10_go_large,ud-q6_k_xl,1862,576,640,0.005100,98.4,0.010915,98.4
10_go_large,ud-q6_k_xl,1862,640,704,0.005121,100.0,0.009336,100.0
10_go_large,ud-q6_k_xl,1862,704,768,0.004371,96.9,0.004276,98.4
10_go_large,ud-q6_k_xl,1862,768,832,0.001784,100.0,0.002404,100.0
10_go_large,ud-q6_k_xl,1862,832,896,0.003477,100.0,0.003736,98.4
10_go_large,ud-q6_k_xl,1862,896,960,0.003312,100.0,0.003543,100.0
10_go_large,ud-q6_k_xl,1862,960,1024,0.012031,95.3,0.013714,96.9
10_go_large,ud-q6_k_xl,1862,1024,1088,0.052615,96.9,0.066686,98.4
10_go_large,ud-q6_k_xl,1862,1088,1152,0.006259,98.4,0.009921,98.4
10_go_large,ud-q6_k_xl,1862,1152,1216,0.002829,100.0,0.002650,100.0
10_go_large,ud-q6_k_xl,1862,1216,1280,0.005088,100.0,0.007030,98.4
10_go_large,ud-q6_k_xl,1862,1280,1344,0.007978,100.0,0.007834,100.0
10_go_large,ud-q6_k_xl,1862,1344,1408,0.010435,96.9,0.009492,96.9
10_go_large,ud-q6_k_xl,1862,1408,1472,0.008719,98.4,0.007213,96.9
10_go_large,ud-q6_k_xl,1862,1472,1536,0.004605,98.4,0.010077,98.4
10_go_large,ud-q6_k_xl,1862,1536,1600,0.003604,100.0,0.005616,98.4
10_go_large,ud-q6_k_xl,1862,1600,1664,0.032906,96.9,0.021572,93.8
10_go_large,ud-q6_k_xl,1862,1664,1728,0.004151,96.9,0.003580,96.9
10_go_large,ud-q6_k_xl,1862,1728,1792,0.002991,100.0,0.001472,100.0
10_go_large,ud-q6_k_xl,1862,1792,1856,0.001324,100.0,0.001092,100.0
10_go_large,ud-q6_k_xl,1862,1856,1920,0.009913,100.0,0.008108,100.0
10_go_large,ud-q6_k_xl,1862,1920,1984,0.006332,100.0,0.004429,100.0
10_go_large,ud-q6_k_xl,1862,1984,2048,0.005979,100.0,0.004811,98.4
11_typescript_large,ud-q6_k_xl,2231,0,64,0.000922,100.0,0.000434,100.0
11_typescript_large,ud-q6_k_xl,2231,64,128,0.003035,100.0,0.001769,98.4
11_typescript_large,ud-q6_k_xl,2231,128,192,0.001709,100.0,0.000713,100.0
11_typescript_large,ud-q6_k_xl,2231,192,256,0.004704,100.0,0.002318,100.0
11_typescript_large,ud-q6_k_xl,2231,256,320,0.003174,100.0,0.004823,98.4
11_typescript_large,ud-q6_k_xl,2231,320,384,0.011459,98.4,0.003848,98.4
11_typescript_large,ud-q6_k_xl,2231,384,448,0.007145,96.9,0.004996,98.4
11_typescript_large,ud-q6_k_xl,2231,448,512,0.004407,100.0,0.002883,100.0
11_typescript_large,ud-q6_k_xl,2231,512,576,0.019604,96.9,0.012621,95.3
11_typescript_large,ud-q6_k_xl,2231,576,640,0.022816,93.8,0.014723,96.9
11_typescript_large,ud-q6_k_xl,2231,640,704,0.007818,98.4,0.001699,98.4
11_typescript_large,ud-q6_k_xl,2231,704,768,0.007507,98.4,0.006800,98.4
11_typescript_large,ud-q6_k_xl,2231,768,832,0.014029,95.3,0.033636,93.8
11_typescript_large,ud-q6_k_xl,2231,832,896,0.013161,96.9,0.011233,98.4
11_typescript_large,ud-q6_k_xl,2231,896,960,0.010160,96.9,0.005678,98.4
11_typescript_large,ud-q6_k_xl,2231,960,1024,0.012815,96.9,0.012282,96.9
11_typescript_large,ud-q6_k_xl,2231,1024,1088,0.005390,96.9,0.006619,96.9
11_typescript_large,ud-q6_k_xl,2231,1088,1152,0.005845,98.4,0.006045,98.4
11_typescript_large,ud-q6_k_xl,2231,1152,1216,0.013405,96.9,0.010104,98.4
11_typescript_large,ud-q6_k_xl,2231,1216,1280,0.031797,98.4,0.022945,100.0
11_typescript_large,ud-q6_k_xl,2231,1280,1344,0.002952,98.4,0.005565,100.0
11_typescript_large,ud-q6_k_xl,2231,1344,1408,0.004215,98.4,0.007265,98.4
11_typescript_large,ud-q6_k_xl,2231,1408,1472,0.004090,98.4,0.004664,98.4
11_typescript_large,ud-q6_k_xl,2231,1472,1536,0.006569,98.4,0.006805,96.9
11_typescript_large,ud-q6_k_xl,2231,1536,1600,0.001229,100.0,0.000380,100.0
11_typescript_large,ud-q6_k_xl,2231,1600,1664,0.009377,96.9,0.015553,96.9
11_typescript_large,ud-q6_k_xl,2231,1664,1728,0.006741,100.0,0.004942,100.0
11_typescript_large,ud-q6_k_xl,2231,1728,1792,0.003089,100.0,0.002166,100.0
11_typescript_large,ud-q6_k_xl,2231,1792,1856,0.007597,98.4,0.004135,98.4
11_typescript_large,ud-q6_k_xl,2231,1856,1920,0.003869,100.0,0.001455,100.0
11_typescript_large,ud-q6_k_xl,2231,1920,1984,0.031005,95.3,0.014334,96.9
11_typescript_large,ud-q6_k_xl,2231,1984,2048,0.015597,98.4,0.009520,96.9
12_rust_large,ud-q6_k_xl,2015,0,64,0.001295,100.0,0.001491,100.0
12_rust_large,ud-q6_k_xl,2015,64,128,0.001351,100.0,0.001426,100.0
12_rust_large,ud-q6_k_xl,2015,128,192,0.003857,96.9,0.003079,98.4
12_rust_large,ud-q6_k_xl,2015,192,256,0.004893,98.4,0.001294,100.0
12_rust_large,ud-q6_k_xl,2015,256,320,0.003424,100.0,0.002911,100.0
12_rust_large,ud-q6_k_xl,2015,320,384,0.003843,96.9,0.000944,100.0
12_rust_large,ud-q6_k_xl,2015,384,448,0.003582,100.0,0.001633,100.0
12_rust_large,ud-q6_k_xl,2015,448,512,0.003110,98.4,0.005875,98.4
12_rust_large,ud-q6_k_xl,2015,512,576,0.011644,98.4,0.011624,95.3
12_rust_large,ud-q6_k_xl,2015,576,640,0.007978,100.0,0.001741,100.0
12_rust_large,ud-q6_k_xl,2015,640,704,0.008371,96.9,0.004899,98.4
12_rust_large,ud-q6_k_xl,2015,704,768,0.003373,100.0,0.001954,100.0
12_rust_large,ud-q6_k_xl,2015,768,832,0.014849,95.3,0.006714,98.4
12_rust_large,ud-q6_k_xl,2015,832,896,0.001248,100.0,0.001730,100.0
12_rust_large,ud-q6_k_xl,2015,896,960,0.006365,100.0,0.006074,96.9
12_rust_large,ud-q6_k_xl,2015,960,1024,0.004233,98.4,0.002209,100.0
12_rust_large,ud-q6_k_xl,2015,1024,1088,0.007871,98.4,0.006923,98.4
12_rust_large,ud-q6_k_xl,2015,1088,1152,0.003559,100.0,0.004538,98.4
12_rust_large,ud-q6_k_xl,2015,1152,1216,0.004104,98.4,0.004971,98.4
12_rust_large,ud-q6_k_xl,2015,1216,1280,0.009057,100.0,0.008554,98.4
12_rust_large,ud-q6_k_xl,2015,1280,1344,0.004191,100.0,0.002732,100.0
12_rust_large,ud-q6_k_xl,2015,1344,1408,0.007144,100.0,0.010671,98.4
12_rust_large,ud-q6_k_xl,2015,1408,1472,0.004787,98.4,0.003979,98.4
12_rust_large,ud-q6_k_xl,2015,1472,1536,0.006639,98.4,0.005131,98.4
12_rust_large,ud-q6_k_xl,2015,1536,1600,0.009533,100.0,0.006627,98.4
12_rust_large,ud-q6_k_xl,2015,1600,1664,0.006026,98.4,0.004763,98.4
12_rust_large,ud-q6_k_xl,2015,1664,1728,0.019530,93.8,0.015868,95.3
12_rust_large,ud-q6_k_xl,2015,1728,1792,0.006460,98.4,0.005961,100.0
12_rust_large,ud-q6_k_xl,2015,1792,1856,0.002385,98.4,0.002678,100.0
12_rust_large,ud-q6_k_xl,2015,1856,1920,0.019763,93.8,0.008565,96.9
12_rust_large,ud-q6_k_xl,2015,1920,1984,0.003227,100.0,0.005097,100.0
12_rust_large,ud-q6_k_xl,2015,1984,2048,0.022412,96.9,0.006400,100.0
13_python_xlarge,ud-q6_k_xl,7809,0,64,0.000957,100.0,0.005568,100.0
13_python_xlarge,ud-q6_k_xl,7809,64,128,0.012097,96.9,0.011629,98.4
13_python_xlarge,ud-q6_k_xl,7809,128,192,0.012227,98.4,0.006337,100.0
13_python_xlarge,ud-q6_k_xl,7809,192,256,0.011683,100.0,0.016068,98.4
13_python_xlarge,ud-q6_k_xl,7809,256,320,0.005693,96.9,0.005575,98.4
13_python_xlarge,ud-q6_k_xl,7809,320,384,0.002590,100.0,0.001641,100.0
13_python_xlarge,ud-q6_k_xl,7809,384,448,0.000634,100.0,0.003661,100.0
13_python_xlarge,ud-q6_k_xl,7809,448,512,0.007449,100.0,0.002034,98.4
13_python_xlarge,ud-q6_k_xl,7809,512,576,0.007689,100.0,0.001655,98.4
13_python_xlarge,ud-q6_k_xl,7809,576,640,0.006695,100.0,0.010921,96.9
13_python_xlarge,ud-q6_k_xl,7809,640,704,0.011628,100.0,0.003253,96.9
13_python_xlarge,ud-q6_k_xl,7809,704,768,0.004504,100.0,0.003704,100.0
13_python_xlarge,ud-q6_k_xl,7809,768,832,0.013252,98.4,0.016590,96.9
13_python_xlarge,ud-q6_k_xl,7809,832,896,0.008084,98.4,0.003825,98.4
13_python_xlarge,ud-q6_k_xl,7809,896,960,0.001445,100.0,0.000154,100.0
13_python_xlarge,ud-q6_k_xl,7809,960,1024,0.003297,98.4,0.000279,100.0
13_python_xlarge,ud-q6_k_xl,7809,1024,1088,0.018226,95.3,0.011818,96.9
13_python_xlarge,ud-q6_k_xl,7809,1088,1152,0.015170,96.9,0.003315,100.0
13_python_xlarge,ud-q6_k_xl,7809,1152,1216,0.012028,100.0,0.005771,100.0
13_python_xlarge,ud-q6_k_xl,7809,1216,1280,0.002146,98.4,0.001073,100.0
13_python_xlarge,ud-q6_k_xl,7809,1280,1344,0.003699,100.0,0.006743,98.4
13_python_xlarge,ud-q6_k_xl,7809,1344,1408,0.005340,100.0,0.002623,98.4
13_python_xlarge,ud-q6_k_xl,7809,1408,1472,0.010328,100.0,0.001769,100.0
13_python_xlarge,ud-q6_k_xl,7809,1472,1536,0.010074,98.4,0.006628,98.4
13_python_xlarge,ud-q6_k_xl,7809,1536,1600,0.002158,100.0,0.005888,98.4
13_python_xlarge,ud-q6_k_xl,7809,1600,1664,0.004386,96.9,0.001711,98.4
13_python_xlarge,ud-q6_k_xl,7809,1664,1728,0.013527,98.4,0.004338,100.0
13_python_xlarge,ud-q6_k_xl,7809,1728,1792,0.006506,98.4,0.002650,100.0
13_python_xlarge,ud-q6_k_xl,7809,1792,1856,0.002287,100.0,0.001008,100.0
13_python_xlarge,ud-q6_k_xl,7809,1856,1920,0.005566,100.0,0.003277,100.0
13_python_xlarge,ud-q6_k_xl,7809,1920,1984,0.008722,100.0,0.006044,100.0
13_python_xlarge,ud-q6_k_xl,7809,1984,2048,0.002415,100.0,0.002498,98.4
14_go_xlarge,ud-q6_k_xl,7902,0,64,0.000462,98.4,0.000144,100.0
14_go_xlarge,ud-q6_k_xl,7902,64,128,0.002467,100.0,0.002043,100.0
14_go_xlarge,ud-q6_k_xl,7902,128,192,0.003105,98.4,0.009472,96.9
14_go_xlarge,ud-q6_k_xl,7902,192,256,0.001864,100.0,0.002034,100.0
14_go_xlarge,ud-q6_k_xl,7902,256,320,0.014207,98.4,0.010154,96.9
14_go_xlarge,ud-q6_k_xl,7902,320,384,0.007311,96.9,0.008408,100.0
14_go_xlarge,ud-q6_k_xl,7902,384,448,0.012165,98.4,0.009596,98.4
14_go_xlarge,ud-q6_k_xl,7902,448,512,0.012480,96.9,0.004853,98.4
14_go_xlarge,ud-q6_k_xl,7902,512,576,0.020793,96.9,0.010164,98.4
14_go_xlarge,ud-q6_k_xl,7902,576,640,0.004899,98.4,0.004319,98.4
14_go_xlarge,ud-q6_k_xl,7902,640,704,0.012993,96.9,0.020467,98.4
14_go_xlarge,ud-q6_k_xl,7902,704,768,0.015198,98.4,0.006416,100.0
14_go_xlarge,ud-q6_k_xl,7902,768,832,0.013113,98.4,0.014258,96.9
14_go_xlarge,ud-q6_k_xl,7902,832,896,0.004545,100.0,0.004990,100.0
14_go_xlarge,ud-q6_k_xl,7902,896,960,0.006223,100.0,0.005223,100.0
14_go_xlarge,ud-q6_k_xl,7902,960,1024,0.003223,98.4,0.001166,98.4
14_go_xlarge,ud-q6_k_xl,7902,1024,1088,0.010816,98.4,0.020797,98.4
14_go_xlarge,ud-q6_k_xl,7902,1088,1152,0.006569,100.0,0.004668,100.0
14_go_xlarge,ud-q6_k_xl,7902,1152,1216,0.001989,100.0,0.001796,100.0
14_go_xlarge,ud-q6_k_xl,7902,1216,1280,0.018994,96.9,0.018162,98.4
14_go_xlarge,ud-q6_k_xl,7902,1280,1344,0.018819,96.9,0.019474,96.9
14_go_xlarge,ud-q6_k_xl,7902,1344,1408,0.002518,100.0,0.003992,100.0
14_go_xlarge,ud-q6_k_xl,7902,1408,1472,0.004612,100.0,0.004922,98.4
14_go_xlarge,ud-q6_k_xl,7902,1472,1536,0.005465,96.9,0.002804,100.0
14_go_xlarge,ud-q6_k_xl,7902,1536,1600,0.013248,98.4,0.005801,100.0
14_go_xlarge,ud-q6_k_xl,7902,1600,1664,0.017023,96.9,0.004519,100.0
14_go_xlarge,ud-q6_k_xl,7902,1664,1728,0.017782,98.4,0.003152,96.9
14_go_xlarge,ud-q6_k_xl,7902,1728,1792,0.012783,98.4,0.003610,98.4
14_go_xlarge,ud-q6_k_xl,7902,1792,1856,0.021545,92.2,0.032253,93.8
14_go_xlarge,ud-q6_k_xl,7902,1856,1920,0.001450,100.0,0.002757,100.0
14_go_xlarge,ud-q6_k_xl,7902,1920,1984,0.013766,98.4,0.007357,100.0
14_go_xlarge,ud-q6_k_xl,7902,1984,2048,0.004932,96.9,0.008575,95.3
